Chief,chief,1.53,1.82
Justice,justice,1.87,2.42
Roberts,roberts,2.42,3.1399999999999997
President,president,3.74,4.34
Carter,carter,4.34,4.93
President,president,5.61,6.23
Clinton,clinton,6.24,6.78
President,president,7.42,8.08
Bush,bush,8.08,8.7
President,president,9.32,9.92
Obama,<unk>,10.14,10.52
fellow,fellow,11.25,11.64
Americans,americans,11.639999,12.529999
and,and,13.09,13.37
people,people,13.37,14.239999999999998
of,of,14.34,14.57
the,the,14.57,14.66
world,world,14.66,15.41
thank,thank,15.63,15.97
you,you,16.07,16.3
We,we,21.8,22.2
the,the,22.2,22.38
citizens,citizens,22.38,22.93
of,of,22.93,23.11
America,america,23.11,23.82
are,are,24.42,24.650000000000002
now,now,24.65,24.97
joined,joined,24.97,25.79
in,in,26.240000000000002,26.380000000000003
a,a,26.380000000000003,26.46
great,great,26.46,27.0
national,national,27.059998999999998,27.769999
effort,effort,27.77,28.16
to,to,28.75,28.93
rebuild,rebuild,28.929999000000002,29.599999000000004
our,our,29.599999,29.799999
country,country,29.8,30.5
and,and,30.91,31.2
restore,restore,31.2,31.779999999999998
its,its,31.78,31.96
promise,promise,32.0,32.75
for,for,33.19,33.419999999999995
all,all,33.45,34.09
of,of,34.16,34.37
our,our,34.41,35.029999999999994
people,people,35.109999,35.729999
Together,together,37.72,38.22
we,we,38.24,38.45
will,will,38.45,38.64
determine,determine,38.64,39.24
the,the,39.24,39.35
course,course,39.35,39.690000000000005
of,of,39.69,39.86
America,america,39.95,40.53
and,and,41.15,41.46
the,the,41.46,41.56
world,world,41.56,42.190000000000005
for,for,42.45,42.67
many,many,42.67,43.34
many,many,43.46,44.13
years,years,44.19,44.9
to,to,45.04,45.17
come,come,45.17,45.71
We,we,47.019999999999996,47.26
will,will,47.259999,47.479999
face,face,47.49,47.92
challenges,challenges,47.92,48.83
We,we,49.25,49.49
will,will,49.49,49.730000000000004
confront,confront,49.759999,50.279999000000004
hardships,hardships,50.29,51.15
but,but,51.549999,51.759999
we,we,51.78,52.01
will,will,52.010000000000005,52.230000000000004
get,get,52.230000000000004,52.57000000000001
the,the,52.609999,52.759999
job,job,52.760000000000005,53.230000000000004
done,done,53.239999999999995,53.87
Every,every,54.980000000000004,55.32000000000001
four,four,55.32,55.62
years,years,55.62,56.11
we,we,56.11,56.25
gather,gather,56.25,56.73
on,on,56.73,56.839999999999996
these,these,56.85,57.07
steps,steps,57.07,57.74
to,to,58.03,58.17
carry,carry,58.17,58.63
out,out,58.63,58.86
the,the,58.86,59.04
orderly,orderly,59.05,59.51
and,and,59.51,59.66
peaceful,peaceful,59.66,60.13999999999999
transfer,transfer,60.14,60.75
of,of,60.75,60.89
power,power,60.89,61.45
And,and,62.36,62.57
we,we,62.57,62.74
are,are,62.74,62.86
grateful,grateful,62.86,63.61
to,to,63.969999,64.109999
President,president,64.11,64.8
Obama,<unk>,64.8,64.81
and,and,66.139999,66.359999
First,first,66.36,66.72
Lady,lady,66.719999,67.289999
Michelle,michelle,67.349999,68.069999
Obama,<unk>,68.09,68.84
for,for,69.23,69.45
their,their,69.45,69.66
gracious,gracious,69.66,70.35
aid,aid,70.35,70.82
throughout,throughout,71.379999,71.83999899999999
this,this,71.84,72.4
transition,transition,72.45,73.22
They,they,73.74,74.07
have,have,74.07,74.30999999999999
been,been,74.31,74.75
magnificent,magnificent,75.09,76.16
Thank,thank,76.38,76.72
you,you,76.72,76.96
Today’s,today's,84.349999,84.779999
ceremony,ceremony,84.78999999999999,85.47
however,however,85.469999,86.069999
has,has,86.71000000000001,86.99000000000001
very,very,87.0,87.57
special,special,87.7,88.34
meaning,meaning,88.34,88.75
because,because,89.549999,89.949999
today,today,89.94999899999999,90.65999899999998
we,we,91.03,91.23
are,are,91.23,91.31
not,not,91.31,91.58
merely,merely,91.62,92.07000000000001
transferring,transferring,92.07,92.80999999999999
power,power,92.81,93.43
from,from,93.79,94.09
one,one,94.09,94.28
administration,administration,94.28,95.17
to,to,95.17,95.34
another,another,95.34,95.83
or,or,96.28,96.5
from,from,96.5,96.75
one,one,96.75,96.99
party,party,96.99,97.39999999999999
to,to,97.4,97.57000000000001
another,another,97.57,98.07
but,but,98.63,98.86
we,we,98.86,99.07
are,are,99.07,99.22999999999999
transferring,transferring,99.23,100.13000000000001
power,power,100.13,100.77
from,from,101.059999,101.329999
Washington,washington,101.33,102.13
DC,<unk>,102.13,102.89
And,and,103.21000000000001,103.51
giving,giving,103.52,104.05
it,it,104.049999,104.219999
back,back,104.23,104.59
to,to,104.63,104.77
you,you,104.77,105.38
the,the,105.48,105.79
people,people,105.96000000000001,106.56
For,for,115.07000000000001,115.09
too,too,115.26,115.48
long,long,115.48,116.08
have,have,119.19,119.36
reaped,reaped,119.53,119.92
the,the,119.94,120.1
rewards,rewards,120.099999,120.639999
of,of,120.639999,120.829999
government,government,120.83,121.42999999999999
while,while,121.759999,122.159999
people,people,122.36,123.12
have,have,123.36,123.62
borne,borne,123.63,124.31
the,the,124.43,124.71000000000001
cost,cost,124.73,125.45
Washington,washington,127.49,128.38
flourished,flourished,128.38,129.19
but,but,129.62,129.83
the,the,129.84,129.98
people,people,129.98,130.73
did,did,130.79,131.04999999999998
not,not,131.06,131.44
share,share,131.46,132.23000000000002
in,in,132.51,132.67999999999998
its,its,132.68,132.89000000000001
wealth,wealth,132.89,133.38
Politicians,politicians,134.23,135.23999999999998
prospered,prospered,135.26,135.98999999999998
period,,,
but,but,136.25,136.46
the,the,136.46,136.59
jobs,jobs,136.59,137.20000000000002
left,left,137.219999,137.799999
and,and,138.17,138.41
the,the,138.41,138.52
factories,factories,138.52,139.69
closed,closed,139.759999,140.70999899999998
The,the,142.4,142.58
establishment,establishment,142.57999999999998,143.70999999999998
protected,protected,144.07,144.53
itself,itself,144.53,145.62
but,but,145.76,145.98
not,not,145.98,146.29
the,the,146.29,146.45
citizens,citizens,146.45,147.06
of,of,147.06,147.24
our,our,147.24,147.51000000000002
country,country,147.51,148.12
Their,their,149.18,149.57
victories,victories,149.57,150.43
have,have,150.69,150.96
not,not,150.97,151.28
been,been,151.28,151.51
your,your,151.51,151.72
victories,victories,151.74,152.55
Their,their,152.87,153.28
triumphs,<unk>,153.29,153.7
have,have,154.15,154.45000000000002
not,not,154.45,154.73999999999998
been,been,154.74,154.94
your,your,154.94,155.13
triumphs,<unk>,155.23,155.95
and,and,156.309999,156.539999
while,while,156.54,156.85999999999999
they,they,156.86,157.07000000000002
celebrated,celebrated,157.09,157.97
in,in,158.25,158.44
our,our,158.44,158.56
nation's,nation's,158.559999,159.119999
capital,capital,159.12,159.76
there,there,160.24,160.48000000000002
was,was,160.48,160.73999999999998
little,little,160.74,161.11
to,to,161.109999,161.26999899999998
celebrate,celebrate,161.27,162.06
for,for,162.35,162.63
struggling,struggling,162.63,163.34
families,families,163.34,164.11
all,all,164.5,165.11
across,across,165.19,166.07999999999998
our,our,166.24,166.83
land,land,166.92,167.7
That,that,173.23,173.57
all,all,173.57,173.89
changes,changes,173.889999,174.909999
starting,starting,175.65,176.27
right,right,176.27,176.60000000000002
here,here,176.599999,177.329999
and,and,177.77,178.02
right,right,178.02,178.28
now,now,178.309999,178.929999
because,because,179.42000000000002,179.91000000000003
this,this,179.93,180.27
moment,moment,180.27,180.78
is,is,180.81,181.06
your,your,181.07,181.34
moment,moment,181.34,181.86
It,it,181.88,182.07
belongs,,,
to,,,
you,,,
It,,,
be,be,182.09,182.3
longs,longs,182.3,182.99
to,to,191.82,191.94
everyone,everyone,191.94,192.48
gathered,gathered,192.48,193.04999999999998
here,here,193.049999,193.31999900000002
today,today,193.32,193.87
and,and,194.15,194.37
everyone,everyone,194.37,194.92000000000002
watching,watching,194.92,195.53
all,all,195.99,196.26000000000002
across,across,196.26,196.70999999999998
America,america,196.709999,197.519999
This,this,197.889999,198.14999899999998
is,is,198.15,198.34
your,your,198.34,198.62
day,day,198.62,199.22
This,this,199.73,199.98
is,is,199.98,200.14
your,your,200.14,200.35999999999999
celebration,celebration,200.36,201.34
And,and,201.94,202.24
this,this,202.25,203.1
the,the,203.27,203.44
United,united,203.44,203.95
States,states,203.95,204.35
of,of,204.35,204.5
America,america,204.56,205.18
is,is,205.35,205.76999999999998
your,your,205.82,206.6
country,country,206.849999,207.609999
What,what,214.5,214.75
truly,truly,214.76,215.1
matters,matters,215.1,215.79
is,is,216.36,216.62
not,not,216.62,216.85
what,what,217.35,217.38
truly,truly,217.38,217.43
controls,controls,217.6,218.2
our,our,218.2,218.35999999999999
government,government,218.36,218.95000000000002
but,but,219.32,219.54
whether,whether,219.54,219.98
our,our,220.0,220.35
government,government,220.42,221.16
is,is,221.38,221.65
controlled,controlled,221.67,222.54999999999998
by,by,222.58,222.84
the,the,222.84,222.98
people,people,222.98,223.42999999999998
January,january,227.77,228.57000000000002
20,<unk>,228.61,229.02
2017,<unk>,230.5,231.64
will,will,231.95,232.2
be,be,232.209999,232.35999900000002
remembered,remembered,232.359999,233.04999899999999
as,as,233.35,233.75
the,the,233.75,233.89
day,day,233.889999,234.54999899999999
the,the,234.74,235.01000000000002
people,people,235.02,235.76000000000002
became,became,235.85,236.51999999999998
the,the,236.53,236.68
rulers,rulers,236.68,237.42000000000002
of,of,237.48,237.73999999999998
this,this,237.74,237.95000000000002
nation,nation,237.97,238.49
again,again,238.52,239.09
The,the,245.02,245.16
forgotten,forgotten,245.16,245.82
men,men,245.849999,246.229999
and,and,246.23,246.42999999999998
women,women,246.429999,246.85999900000002
of,of,246.889999,247.109999
our,our,247.11,247.24
country,country,247.32,248.04999999999998
will,will,248.23,248.5
be,be,248.5,248.72
forgotten,forgotten,248.719999,249.539999
no,no,249.62,249.91
longer,longer,250.04999999999998,250.72
Everyone,everyone,255.11,255.66000000000003
is,is,255.66,255.85999999999999
listening,listening,255.86,256.35
to,to,256.35,256.46000000000004
you,you,256.46,256.60999999999996
now,now,256.62,257.11
you,you,257.52,257.76
came,came,257.76,258.15999999999997
by,by,258.16,258.36
the,the,258.37,258.53000000000003
tens,tens,258.55,258.97
of,of,258.97,259.15000000000003
millions,millions,259.15,259.84
to,to,260.15,260.28999999999996
become,become,260.29,260.71000000000004
part,part,260.71,261.06
of,of,261.059999,261.209999
a,a,261.21,261.28
historic,historic,261.29,261.94
movement,movement,261.95,262.58
the,the,262.91,263.09000000000003
likes,likes,263.09,263.59
of,of,263.61,263.85
which,which,263.849999,264.289999
the,the,264.37,264.56
world,world,264.559999,265.199999
has,has,265.27,265.60999999999996
never,never,265.61,266.17
seen,seen,266.219999,266.879999
before,before,267.039999,268.049999
At,at,272.53,272.76
the,the,272.76,272.9
center,center,272.91,273.42
of,of,273.42,273.57
this,this,273.57,273.8
movement,movement,273.8,274.5
is,is,274.92,275.18
a,a,275.18,275.35
crucial,crucial,275.38,276.23
conviction,conviction,276.31,277.1
that,that,277.56,277.81
a,a,277.82,278.0
nation,nation,278.0,278.72
exists,exists,278.74,279.75
to,to,279.92,280.14000000000004
serve,serve,280.139999,280.689999
its,its,280.74,281.01
citizens,citizens,281.01,281.88
Americans,americans,282.37,283.37
want,want,283.4,283.71999999999997
great,great,283.719999,284.019999
schools,schools,284.02,284.49
for,for,284.49,284.6
their,their,284.599999,284.75999900000005
children,children,284.759999,285.369999
safe,safe,285.75,286.28
neighborhoods,neighborhoods,286.279999,286.939999
for,for,286.949999,287.059999
their,their,287.059999,287.249999
families,families,287.25,287.94
and,and,288.25,288.55
good,good,288.55,288.89
jobs,jobs,288.89,289.71
for,for,289.88,290.06
themselves,themselves,290.06,291.02
These,these,292.85,293.84000000000003
are,are,294.03,294.29999999999995
just,just,294.3,295.15000000000003
and,and,295.7,295.95
reasonable,reasonable,295.95,296.90999999999997
demands,demands,297.02,298.02
of,of,298.27,298.51
righteous,righteous,298.51,299.51
people,people,299.65,300.33
and,and,300.389999,300.589999
a,a,300.59,300.67999999999995
righteous,righteous,300.679999,301.489999
public,public,301.639999,302.239999
But,but,302.969999,303.16999899999996
for,for,303.17,303.3
too,too,303.299999,303.499999
many,many,303.5,303.82
of,of,303.82,303.98
our,our,303.98,304.14000000000004
citizens,citizens,304.139999,304.829999
a,a,304.9,305.0
different,different,305.0,305.49
reality,reality,305.52,306.15999999999997
exists,exists,306.16,306.96000000000004
Mothers,mothers,307.57,308.15
and,and,308.15,308.34999999999997
children,children,308.35,308.98
trapped,trapped,309.01,309.46999999999997
in,in,309.47,309.64000000000004
poverty,poverty,309.64,310.33
in,in,310.46,310.63
our,our,310.63,310.78
inner,inner,310.82,311.09
cities,cities,311.09,311.71
rusted,rusted,312.27,312.81
out,out,312.81,313.05
factories,factories,313.05,313.88
scattered,scattered,314.19,314.8
like,like,314.8,315.01
tombstones,<unk>,315.349999,315.789999
across,across,315.8,316.23
the,the,316.23,316.35
landscape,landscape,316.349999,317.249999
of,of,317.88,318.05
our,our,318.05,318.18
nation,nation,318.179999,318.639999
an,an,319.41,319.58000000000004
education,education,319.599999,320.46999900000003
system,system,320.469999,321.139999
flush,flush,321.53,322.02
with,with,322.02,322.22999999999996
cash,cash,322.25,322.92
but,but,323.389999,323.589999
which,which,323.59,323.84
leaves,leaves,323.9,324.52
our,our,324.52,324.68
young,young,324.68,325.21
and,and,325.21,325.4
beautiful,beautiful,325.4,325.88
students,students,325.88,326.55
deprived,deprived,326.93,327.8
of,of,327.86,328.05
all,all,328.08,328.5
knowledge,knowledge,328.5,329.22
And,and,330.58,330.84
the,the,330.85,331.01000000000005
crime,crime,331.05,331.99
and,and,332.12,332.38
the,the,332.38,332.46999999999997
gangs,gangs,332.47,333.24
and,and,333.27,333.5
the,the,333.5,333.6
drugs,drugs,333.599999,334.44999900000005
that,that,334.78,334.94
have,have,334.94,335.12
stolen,stolen,335.12,335.66
too,too,335.679999,335.849999
many,many,335.849999,336.14999900000004
lives,lives,336.15,336.76
and,and,336.79,337.01000000000005
robbed,robbed,337.009999,337.429999
our,our,337.429999,337.599999
country,country,337.599999,338.20999900000004
of,of,338.66,338.89000000000004
so,so,338.889999,339.189999
much,much,339.19,339.77
unrealized,<unk>,339.83,340.89
potential,potential,341.190001,341.910001
This,this,342.9,343.54999999999995
American,american,343.62,344.42
carnage,carnage,344.42,345.18
stops,stops,345.35,346.24
right,right,346.36,346.82
here,here,346.82,347.46
and,and,347.71,348.18
stops,stops,348.36,349.28000000000003
right,right,349.39,349.87
now,now,349.91,350.52000000000004
We,we,359.379999,359.569999
are,are,359.57,359.69
one,one,359.690001,359.990001
nation,nation,359.99,360.62
and,and,361.26,361.5
their,their,361.5,361.75
pain,pain,361.77,362.25
is,is,362.28,362.51
our,our,362.54,362.90000000000003
pain,pain,362.9,363.40999999999997
Their,their,363.82,364.21999999999997
dreams,dreams,364.22,364.84000000000003
are,are,364.84,365.03999999999996
our,our,365.09,365.46999999999997
dreams,dreams,365.48,366.1
and,and,366.2,366.44
their,their,366.44,366.67
success,success,366.67,367.59000000000003
will,will,367.7,368.03
be,be,368.05,368.34000000000003
our,our,368.38,369.03
success,success,369.04,369.97
We,we,370.71,370.96999999999997
share,share,370.969999,371.30999899999995
one,one,371.309999,371.589999
heart,heart,371.599999,372.00999900000005
one,one,372.57,372.96
home,home,372.969999,373.53999899999997
and,and,373.929999,374.199999
one,one,374.2,374.87
glorious,glorious,375.139999,376.059999
destiny,destiny,376.129999,376.959999
The,the,378.45,378.67
oath,oath,378.67,378.96000000000004
of,of,378.96,379.10999999999996
office,office,379.11,379.6
I,i,379.65,379.84999999999997
take,take,379.85,380.15000000000003
today,today,380.15,380.67999999999995
is,is,381.04,381.23
an,an,381.23,381.40000000000003
oath,oath,381.42,381.81
of,of,381.86,382.04
allegiance,allegiance,382.04,382.93
to,to,383.14,383.33
all,all,383.33,383.53
Americans,americans,383.53,384.40999999999997
For,for,390.099999,390.249999
many,many,390.25,390.52
decades,decades,390.52,391.43
we,,,
have,,,
enriched,enriched,391.91,392.46000000000004
foreign,foreign,392.469999,392.86999899999995
industry,industry,392.87,393.7
at,at,393.849999,394.02999900000003
the,the,394.029999,394.15999899999997
expense,expense,394.16,394.77000000000004
of,of,394.82,395.0
American,american,395.0,395.56
industry,industry,395.559999,396.309999
subsidized,subsidized,396.78,397.69
the,the,397.69,397.81
armies,armies,397.81,398.25
of,of,398.25,398.41
other,other,398.41,398.63000000000005
countries,countries,398.63,399.28
while,while,399.54,400.04
allowing,allowing,400.04,400.81
for,for,400.85,401.05
the,the,401.05,401.15000000000003
very,very,401.15,401.51
sad,sad,401.51,401.95
depletion,depletion,401.96,402.73999999999995
of,of,403.0,403.24
our,our,403.28,403.88
military,military,403.92,404.8
We,we,405.82,405.96000000000004
have,have,405.96000000000004,405.99
defended,defended,406.16,406.83000000000004
other,other,406.889999,407.22999899999996
nations,nations,407.23,407.8
borders,borders,407.8,408.47
while,while,408.71,409.06
refusing,refusing,409.059999,409.979999
to,to,410.28,410.41999999999996
defend,defend,410.42,410.88
our,our,410.88,411.11
own,own,411.27000000000004,411.5
And,and,417.74,417.86
spent,spent,418.03,418.7
trillions,trillions,419.38,420.13
and,and,420.13,420.34
trillions,trillions,420.34,420.90999999999997
of,of,420.91,421.07000000000005
dollars,dollars,421.07,421.58
overseas,overseas,421.58,422.52
while,while,422.94,423.27
America's,america's,423.27,423.94
infrastructure,infrastructure,423.98,425.07
has,has,425.139999,425.469999
fallen,fallen,425.469999,426.089999
into,into,426.36,426.76
disrepair,disrepair,426.77,427.91999999999996
and,and,427.98,428.24
decay,decay,428.24,428.86
We’ve,we've,430.129999,430.579999
made,made,430.58,431.24
other,other,431.34,431.67999999999995
countries,countries,431.690001,432.230001
rich,rich,432.23,432.83000000000004
while,while,433.27,433.65999999999997
the,the,433.66,433.79
wealth,wealth,433.79,434.28000000000003
strength,strength,434.84,435.45
and,and,435.45,435.62
confidence,confidence,435.62,436.44
of,of,436.5,436.7
our,our,436.74,437.18
country,country,437.18,437.81
has,has,438.07,438.43
dissipated,dissipated,438.45,439.43
over,over,439.62,440.28000000000003
the,the,440.429999,440.619999
horizon,horizon,440.62,441.35
One,one,443.03,443.34
by,by,443.34,443.53
one,one,443.53,444.16999999999996
the,the,444.28,444.46999999999997
factories,factories,444.469999,445.09999899999997
shuttered,shuttered,445.099999,445.609999
and,and,446.07,446.29
left,left,446.29,446.62
our,our,446.62,446.79
shores,shores,446.79,447.54
with,with,448.139999,448.389999
not,not,448.389999,448.689999
even,even,448.690001,449.28000099999997
a,a,449.52,449.65
thought,thought,449.65,450.22999999999996
about,about,450.66,451.06
the,the,451.06,451.18
millions,millions,451.19,451.93
and,and,451.93,452.15000000000003
millions,millions,452.15,452.7
of,of,452.7,452.87
American,american,452.87,453.51
workers,workers,453.51,454.24
that,that,454.78,455.0
were,were,455.0,455.17
left,left,455.17,455.47
behind,behind,455.47,456.22
The,the,457.33,457.49
wealth,wealth,457.49,457.89
of,of,457.89,458.06
our,our,458.059999,458.179999
middle,middle,458.179999,458.46999900000003
class,class,458.5,459.28
has,has,459.349999,459.64999900000004
been,been,459.65,459.90999999999997
ripped,ripped,459.91,460.55
from,from,460.969999,461.22999899999996
their,their,461.23,461.45000000000005
homes,homes,461.45,462.11
and,and,462.48,462.75
then,then,462.75,462.99
redistributed,redistributed,463.0,464.42
all,all,464.54,464.99
across,across,464.99,465.87
the,the,466.27,466.5
world,world,466.5,467.26
But,but,468.73,468.93
that,that,468.939999,469.199999
is,is,469.2,469.39
the,the,469.4,469.51
pass,pass,469.52,470.31
and,and,471.04,471.27000000000004
now,now,471.27,471.85999999999996
we,we,472.15,472.4
are,are,472.4,472.53
looking,looking,472.53,473.17999999999995
only,only,473.37,474.19
to,to,474.25,474.41
the,the,474.41,474.58000000000004
future,future,474.58,475.33
We,we,484.75,485.01
assemble,assemble,485.01,485.56
here,here,485.57,485.81
today,today,485.809999,486.409999
are,are,486.8,487.05
issuing,issuing,487.08,487.81
a,a,487.83,488.01
new,new,488.01,488.27
decree,decree,488.3,489.24
to,to,489.31,489.45
be,be,489.46,489.63
heard,heard,489.63,489.98
in,in,489.98,490.12
every,every,490.12,490.52
city,city,490.52,491.04999999999995
in,in,491.44,491.65
every,every,491.67,492.05
foreign,foreign,492.05,492.49
capital,capital,492.49,493.18
and,and,493.43,493.6
in,in,493.6,493.71000000000004
every,every,493.74,494.16
hall,hall,494.16,494.62
of,of,494.65,494.82
power,power,494.849999,495.46999900000003
From,from,496.28,496.69
this,this,496.69,497.15
day,day,497.219999,497.699999
forward,forward,497.71,498.45
a,a,498.799999,498.999999
new,new,499.0,499.35
vision,vision,499.36,500.01
will,will,500.03,500.32
govern,govern,500.32,500.92
our,our,500.969999,501.41999899999996
land,land,501.42,502.08000000000004
From,from,502.449999,502.769999
this,this,502.77,503.10999999999996
day,day,503.109999,503.559999
forward,forward,503.98,504.72
it's,it's,505.01,505.37
going,going,505.39,505.9
to,to,505.91,506.07000000000005
be,be,506.09,506.46
only,only,506.53999999999996,507.29999999999995
America,america,507.66,508.72
first,first,508.95,509.7
America,america,510.32,511.23
first,first,511.49,511.94
Every,every,517.88,518.31
decision,decision,518.53,519.2299999999999
on,on,519.4699999999999,519.65
trade,trade,519.82,520.5500000000001
on,on,520.74,521.0
taxes,taxes,521.039999,521.799999
on,on,521.869999,522.149999
immigration,immigration,522.18,523.1899999999999
on,on,523.38,523.66
foreign,foreign,523.68,524.14
affairs,affairs,524.14,525.13
will,will,525.6,525.82
be,be,525.84,526.0300000000001
made,made,526.03,526.4
to,to,526.4,526.51
benefit,benefit,526.51,527.11
American,american,527.15,527.91
workers,workers,527.91,528.66
and,and,528.76,528.92
American,american,528.92,529.56
families,families,529.57,530.4200000000001
We,we,530.79,531.03
must,must,531.03,531.38
protect,protect,531.38,531.96
our,our,531.96,532.1600000000001
borders,borders,532.16,532.9699999999999
from,from,533.01,533.31
the,the,533.309999,533.4699989999999
ravages,<unk>,533.469999,534.329999
of,of,534.37,534.59
other,other,534.59,534.85
countries,countries,534.849999,535.729999
making,making,535.84,536.35
our,our,536.349999,536.509999
products,products,536.509999,537.3199989999999
stealing,stealing,537.61,538.23
our,our,538.23,538.4200000000001
companies,companies,538.42,539.1899999999999
and,and,539.24,539.45
destroying,destroying,539.449999,540.349999
our,,,
jobs,jobs,540.88,541.91
Protection,protection,548.849999,549.609999
will,will,549.61,549.8100000000001
lead,lead,549.809999,550.129999
to,to,550.13,550.27
great,great,550.27,550.61
prosperity,prosperity,550.63,551.58
and,and,551.59,551.8000000000001
strength,strength,551.8,552.3399999999999
I,i,553.49,553.7
will,will,553.7,553.94
fight,fight,553.94,554.2900000000001
for,for,554.32,554.46
you,you,554.46,554.99
with,with,555.25,555.5
every,every,555.549999,556.029999
breath,breath,556.029999,556.509999
in,in,556.719999,556.9099990000001
my,my,556.91,557.12
body,body,557.119999,557.739999
And,and,558.289999,558.479999
I,i,558.49,558.62
will,will,558.62,558.89
never,never,558.89,559.6899999999999
ever,ever,559.86,560.5500000000001
let,let,560.66,561.02
you,you,561.02,561.29
down,down,561.29,561.93
America,america,567.44,568.07
will,will,568.07,568.2600000000001
start,start,568.29,568.6899999999999
winning,winning,568.73,569.14
again,again,569.139999,569.729999
winning,winning,569.99,570.57
like,like,570.65,570.9599999999999
never,never,570.969999,571.6699990000001
before,before,571.719999,572.729999
We,we,576.67,576.87
will,will,576.87,577.09
bring,bring,577.09,577.4
back,back,577.41,577.66
our,our,577.77,577.9399999999999
jobs,jobs,577.94,578.94
We,we,579.43,579.68
will,will,579.68,579.92
bring,bring,579.93,580.26
back,back,580.27,580.61
our,our,580.64,580.99
borders,borders,581.0,581.84
We,we,582.32,582.57
will,will,582.57,582.83
bring,bring,582.84,583.1800000000001
back,back,583.19,583.46
our,our,583.56,583.8499999999999
wealth,wealth,583.85,584.61
And,and,585.0,585.25
we,we,585.25,585.49
will,will,585.49,585.85
bring,bring,585.86,586.46
back,back,586.48,586.99
our,our,587.03,587.56
dreams,dreams,587.57,588.6500000000001
We,we,594.75,595.01
will,will,595.01,595.24
build,build,595.24,595.6800000000001
new,new,595.68,595.93
roads,roads,595.93,596.75
and,and,596.87,597.14
highways,highways,597.15,597.89
and,and,597.94,598.22
bridges,bridges,598.22,598.88
and,and,598.93,599.2199999999999
airports,airports,599.23,599.9300000000001
and,and,599.96,600.34
tunnels,tunnels,600.34,600.89
and,and,600.93,601.29
railways,railways,601.29,602.1899999999999
all,all,602.37,602.83
across,across,602.83,603.61
our,our,603.889999,604.159999
wonderful,wonderful,604.16,604.6899999999999
nation,nation,604.69,605.1700000000001
We,we,606.71,606.99
will,will,606.99,607.23
get,get,607.23,607.62
our,our,607.63,607.9
people,people,607.9,608.6
off,off,608.67,609.03
of,of,609.03,609.23
welfare,welfare,609.23,609.98
and,and,610.01,610.21
back,back,610.219999,610.529999
to,to,610.529999,610.6999989999999
work,work,610.699999,611.4099990000001
rebuilding,rebuilding,611.51,612.33
our,our,612.35,612.51
country,country,612.51,613.18
with,with,613.31,613.55
American,american,613.55,614.26
hands,hands,614.27,614.86
and,and,614.96,615.1600000000001
American,american,615.16,615.93
labor,labor,615.94,616.61
We,we,621.5,621.7
will,will,621.7,621.94
follow,follow,621.96,622.46
two,two,622.46,622.82
simple,simple,622.82,623.32
rules,rules,623.32,624.0
buy,buy,624.53,624.91
American,american,624.91,625.8299999999999
and,and,625.94,626.25
hire,hire,626.259999,626.969999
American,american,627.099999,627.869999
We,we,632.21,632.4300000000001
will,will,632.43,632.66
seek,seek,632.67,633.03
friendship,friendship,633.03,633.67
and,and,633.81,634.0699999999999
goodwill,goodwill,634.07,634.7700000000001
with,with,634.78,635.01
the,the,635.01,635.12
nations,nations,635.12,635.67
of,of,635.67,635.86
the,the,635.86,635.94
world,world,635.94,636.48
but,but,636.91,637.13
we,we,637.13,637.3
do,do,637.3,637.6099999999999
so,so,637.61,638.14
with,with,638.17,638.4
the,the,638.4,638.56
understanding,understanding,638.59,639.65
that,that,639.889999,640.189999
it,it,640.21,640.4200000000001
is,is,640.42,640.65
the,the,640.66,640.8199999999999
right,right,640.82,641.1700000000001
of,of,641.17,641.3
all,all,641.3,641.5899999999999
nations,nations,641.59,642.2900000000001
to,to,642.53,642.6899999999999
put,put,642.69,642.96
their,their,642.96,643.21
own,own,643.25,643.58
interests,interests,643.58,644.35
first,first,644.36,645.01
We,we,646.029999,646.289999
do,do,646.289999,646.549999
not,not,646.549999,646.8599989999999
seek,seek,646.859999,647.1799990000001
to,to,647.18,647.37
impose,impose,647.369999,647.999999
our,our,648.0,648.22
way,way,648.219999,648.459999
of,of,648.459999,648.6499990000001
life,life,648.65,648.99
on,on,649.0,649.27
anyone,anyone,649.31,649.8499999999999
but,but,650.0,650.24
rather,rather,650.24,650.86
to,to,651.23,651.37
let,let,651.37,651.62
it,it,651.62,651.77
shine,shine,651.77,652.56
as,as,652.65,652.92
an,an,652.92,653.04
example,example,653.04,653.76
We,we,653.77,654.4
will,will,654.44,655.0
shine,shine,655.01,655.72
for,for,655.9,656.2099999999999
everyone,everyone,656.25,657.03
to,to,657.21,657.38
follow,follow,657.38,658.02
We,we,662.19,662.36
will,will,662.36,662.57
reinforce,reinforce,662.57,663.2600000000001
old,old,663.259999,663.539999
alliances,alliances,663.54,664.3399999999999
and,and,664.4,664.6
form,form,664.6,664.95
new,new,664.949999,665.119999
wurns,<unk>,665.49,665.65
and,and,665.77,666.03
reform,reform,667.06,667.12
the,the,667.12,667.14
world,world,667.31,667.81
against,against,668.1,668.7
radical,radical,668.79,669.5899999999999
islamic,islamic,669.63,670.43
terrorism,terrorism,670.47,671.24
which,which,671.59,671.88
we,we,671.9,672.17
will,will,672.17,672.4599999999999
eradicate,eradicate,672.48,673.36
from,from,674.309999,674.649999
the,the,674.65,674.79
face,face,674.79,675.28
of,of,675.32,675.5100000000001
the,the,675.51,675.71
earth,earth,675.71,675.95
At,at,682.529999,682.729999
the,the,682.73,682.85
bedrock,bedrock,682.859999,683.409999
of,of,683.41,683.55
our,our,683.549999,683.669999
politics,politics,683.690001,684.5200010000001
will,will,684.76,685.0
be,be,685.0,685.17
a,a,685.17,685.27
total,total,685.31,685.7099999999999
allegiance,allegiance,685.72,686.4200000000001
to,to,686.42,686.55
the,the,686.55,686.66
United,united,686.66,687.14
States,states,687.14,687.51
of,of,687.51,687.67
America,america,687.67,688.3299999999999
and,and,688.74,689.0
through,through,689.0,689.24
our,our,689.24,689.42
loyalty,loyalty,689.42,689.99
to,to,689.99,690.21
our,our,690.21,690.44
country,country,690.52,691.13
we,we,691.45,691.7
will,will,691.7,692.0
rediscover,rediscover,692.0,693.16
our,our,693.54,694.04
loyalty,loyalty,694.07,694.95
to,to,694.98,695.21
each,each,695.24,695.5600000000001
other,other,695.559999,696.019999
When,when,697.34,697.5600000000001
you,you,697.559999,697.7399989999999
open,open,697.74,698.08
your,your,698.08,698.2800000000001
heart,heart,698.29,698.62
to,to,698.65,698.77
patriotism,patriotism,698.77,699.84
there,there,700.209999,700.479999
is,is,700.52,701.0799999999999
no,no,701.17,701.79
room,room,701.92,702.51
for,for,702.57,702.7900000000001
prejudice,prejudice,702.8,703.79
The,the,711.679999,711.8299989999999
Bible,bible,711.83,712.2800000000001
tells,tells,712.29,712.67
us,us,712.67,713.11
how,how,713.53,713.86
good,good,713.889999,714.259999
and,and,714.27,714.5
pleasant,pleasant,714.5,715.09
it,it,715.099999,715.359999
is,is,715.36,715.87
when,when,716.16,716.4399999999999
god's,god's,716.45,716.94
people,people,716.98,717.58
live,live,717.61,718.15
together,together,718.15,718.87
in,in,719.059999,719.259999
unity,unity,719.26,719.87
We,we,720.65,720.87
must,must,720.87,721.1
speak,speak,721.1,721.45
our,our,721.459999,721.629999
minds,minds,721.63,722.08
openly,openly,722.08,723.07
debate,debate,723.27,723.75
our,our,723.75,723.87
disagreements,disagreements,723.87,724.73
honestly,honestly,724.76,725.79
but,but,725.9,726.11
always,always,726.13,727.09
pursue,pursue,727.18,728.0
sold,sold,729.08,729.12
art,art,729.12,729.15
When,when,730.48,730.7
America,america,730.7,731.2800000000001
is,is,731.28,731.5899999999999
united,united,731.59,732.4
America,america,732.84,733.6600000000001
is,is,733.69,734.0300000000001
totally,totally,734.08,734.7700000000001
unstoppable,unstoppable,734.8500000000001,736.1100000000001
There,there,742.36,742.6
should,should,742.61,742.84
be,be,742.85,743.0600000000001
no,no,743.06,743.29
fear,fear,743.29,743.89
We,we,744.51,744.76
are,are,744.76,744.9
protected,protected,744.9,745.72
and,and,746.09,746.34
we,we,746.34,746.5400000000001
will,will,746.54,746.8
always,always,746.82,747.5100000000001
be,be,747.52,747.76
protected,protected,747.76,748.52
We,we,748.98,749.22
will,will,749.219999,749.399999
be,be,749.41,749.5799999999999
protected,protected,749.58,750.2900000000001
by,by,750.29,750.5
the,the,750.509999,750.629999
great,great,750.63,750.9399999999999
men,men,750.99,751.32
and,and,751.32,751.5200000000001
women,women,751.52,751.92
of,of,751.95,752.1500000000001
our,our,752.15,752.27
military,military,752.27,753.17
and,,,
law,law,753.349999,753.729999
enforcement,enforcement,753.73,754.49
And,and,755.26,755.53
most,most,755.539999,756.0899989999999
importantly,importantly,756.15,757.16
we,we,759.5,759.9
will,will,759.93,760.2199999999999
be,be,760.22,760.5500000000001
protected,protected,760.55,761.38
by,by,761.38,761.64
God,god,761.64,762.42
Finally,finally,769.49,770.25
must,must,770.799999,771.0999989999999
think,think,771.099999,771.399999
big,big,771.4,771.92
and,and,771.99,772.2
dream,dream,772.209999,772.989999
even,even,773.049999,773.499999
bigger,bigger,773.5,774.04
In,in,774.59,774.77
America,america,774.77,775.3299999999999
we,we,775.34,775.5300000000001
understand,understand,775.53,776.24
that,that,776.24,776.38
a,a,776.38,776.46
nation,nation,776.46,777.09
is,is,777.5,777.76
only,only,777.78,778.27
living,living,778.27,778.85
as,as,778.94,779.2700000000001
long,long,779.27,779.87
it,it,780.23,780.5600000000001
is,is,780.59,780.83
striving,striving,780.83,781.6
We,we,782.599999,782.779999
will,will,782.78,782.93
no,no,782.929999,783.159999
longer,longer,783.16,783.5899999999999
accept,accept,783.59,784.0
politicians,politicians,784.0,785.11
who,who,785.349999,785.569999
are,are,785.57,785.6500000000001
all,all,785.65,786.02
talk,talk,786.02,786.5699999999999
and,and,786.61,786.84
no,no,786.84,787.09
action,action,787.09,787.63
constantly,constantly,787.87,788.67
complaining,complaining,788.67,789.49
but,but,789.66,789.9
never,never,789.9,790.41
doing,doing,790.41,790.87
anything,anything,790.9,791.4499999999999
about,about,791.459999,791.9299990000001
it,it,792.0399990000001,792.089999
The,the,800.79,801.01
time,time,801.03,801.61
for,for,801.66,801.87
empty,empty,801.91,802.4
talk,talk,802.4,802.9399999999999
is,is,803.01,803.26
over,over,803.259999,803.789999
Now,now,804.34,804.84
arrives,arrives,804.84,805.6600000000001
the,the,805.78,806.01
hour,hour,806.02,806.61
of,of,806.66,806.9
action,action,807.01,807.6899999999999
Do,do,813.06,813.26
not,not,813.26,813.77
allow,allow,814.16,814.74
anyone,anyone,814.8,815.51
to,to,815.95,816.09
tell,tell,816.09,816.32
you,you,816.32,816.6600000000001
that,that,816.66,816.85
it,it,816.85,816.99
cannot,cannot,817.02,817.48
be,be,817.49,817.66
done,done,817.66,818.1999999999999
No,no,818.58,818.9300000000001
challenge,challenge,818.95,819.6400000000001
can,can,819.679999,819.889999
match,match,819.889999,820.269999
the,the,820.27,820.42
heart,heart,820.429999,820.889999
and,and,820.92,821.18
fight,fight,821.19,821.61
and,and,821.67,821.93
spirit,spirit,821.929999,822.6099989999999
of,of,822.9,823.1
America,america,823.099999,823.7899990000001
We,we,824.19,824.45
will,will,824.45,824.72
not,not,824.719999,825.029999
fail,fail,825.04,825.68
Our,our,826.049999,826.519999
country,country,826.57,827.1
will,will,827.1,827.36
thrive,thrive,827.359999,827.999999
and,and,828.0,828.16
prosper,prosper,828.17,828.7299999999999
again,again,828.73,829.27
We,we,831.05,831.4699999999999
stand,stand,831.47,832.0500000000001
at,at,832.05,832.17
the,the,832.17,832.3
birth,birth,832.31,832.9799999999999
of,of,833.3,833.4
a,,,
new,,,
millennium,millennium,833.87,834.59
ready,ready,834.88,835.28
to,to,835.28,835.43
unlock,unlock,835.5,836.13
the,the,836.13,836.28
mysteries,mysteries,836.29,837.0899999999999
of,of,837.13,837.34
space,space,837.34,838.07
to,to,838.469999,838.649999
free,free,838.65,839.0
the,the,839.0,839.27
earth,earth,839.27,839.63
from,from,839.639999,839.939999
the,the,839.94,840.0600000000001
missries,<unk>,840.36,840.82
of,of,840.82,840.9100000000001
disease,disease,840.91,841.6999999999999
and,and,841.929999,842.0699989999999
harness,harness,842.2,842.8000000000001
the,the,842.799999,842.989999
energies,energies,843.02,843.92
industries,industries,844.02,844.93
and,and,844.959999,845.199999
technologies,technologies,845.199999,846.359999
of,of,846.78,846.99
tomorrow,tomorrow,846.99,847.64
A,a,848.25,848.46
new,new,848.46,848.77
national,national,848.77,849.4
pride,pride,849.4,849.86
will,will,849.86,850.0600000000001
stir,stir,850.06,850.42
ourselves,ourselves,850.42,851.14
lift,lift,851.52,851.92
our,our,851.92,852.11
sights,sights,852.11,852.5500000000001
and,and,852.57,852.85
heal,heal,852.86,853.45
our,our,853.73,854.3100000000001
divisions,divisions,854.55,855.42
It's,it's,855.9,856.1899999999999
time,time,856.19,856.6
to,to,856.599999,856.729999
remember,remember,856.73,857.5500000000001
that,that,857.73,857.97
old,old,857.969999,858.399999
wisdom,wisdom,858.4,858.89
our,our,858.889999,859.0699989999999
soldiers,soldiers,859.07,859.69
will,will,859.69,859.8800000000001
never,never,859.88,860.23
forget,forget,860.23,860.8100000000001
that,that,861.33,861.58
whether,whether,861.589999,862.069999
we,we,862.08,862.26
are,are,862.26,862.43
black,black,862.43,863.1899999999999
or,or,863.57,863.86
brown,brown,863.879999,864.619999
or,or,864.87,865.2
white,white,865.2,865.72
we,we,866.29,866.61
all,all,866.63,867.21
bleed,bleed,867.22,867.78
the,the,867.79,867.9499999999999
same,same,867.95,868.51
red,red,868.51,868.93
blood,blood,868.94,869.46
of,of,869.49,869.6800000000001
patriots,patriots,869.72,870.65
We,we,876.88,877.12
all,all,877.12,877.48
enjoy,enjoy,877.48,878.13
the,the,878.19,878.34
same,same,878.34,878.88
glorious,glorious,878.88,879.54
freedoms,freedoms,879.54,880.31
And,and,880.619999,880.859999
we,we,880.859999,881.029999
all,all,881.029999,881.349999
salute,salute,881.35,881.88
the,the,881.91,882.0699999999999
same,same,882.07,882.72
great,great,882.84,883.46
American,american,883.56,884.3699999999999
flag,flag,884.37,884.96
And,and,890.11,890.28
whether,whether,890.28,890.62
a,a,890.62,890.71
child,child,890.71,891.13
is,is,891.13,891.31
born,born,891.309999,891.879999
in,in,892.25,892.42
the,the,892.42,892.5999999999999
urban,urban,892.599999,892.969999
sprawl,sprawl,892.969999,893.469999
of,of,893.469999,893.609999
Detroit,detroit,893.61,894.24
or,or,894.65,894.87
the,the,894.87,895.0
wind,wind,895.0,895.35
swept,swept,895.349999,895.719999
plains,plains,895.719999,896.209999
of,of,896.21,896.37
nebraska,nebraska,896.37,897.12
they,they,897.52,897.78
look,look,897.78,898.03
at,,,
the,the,898.459999,898.609999
same,same,898.609999,899.099999
night,night,899.1,899.4
sky,sky,899.4,900.13
They,they,900.47,900.78
fill,fill,900.78,901.12
their,their,901.12,901.4
heart,heart,901.41,901.76
with,with,901.79,901.9399999999999
the,the,901.95,902.1
same,same,902.1,902.49
dreams,dreams,902.49,903.12
and,and,903.5,903.88
they,they,903.88,904.24
are,are,904.26,904.51
infused,infused,904.51,905.43
with,with,905.5,905.79
the,the,905.82,905.98
breath,breath,905.99,906.36
of,of,906.43,906.64
life,life,906.64,907.1999999999999
by,by,907.59,907.88
the,the,907.94,908.1
same,same,908.099999,908.779999
almighty,almighty,908.98,909.94
creator,creator,910.09,910.9300000000001
So,so,917.299999,917.679999
to,to,917.68,917.89
all,all,917.889999,918.119999
Americans,americans,918.119999,918.979999
in,in,919.039999,919.2099989999999
every,every,919.21,919.5500000000001
city,city,919.55,919.9
near,near,919.91,920.15
and,and,920.15,920.3199999999999
far,far,920.32,920.87
small,small,920.95,921.46
and,and,921.46,921.63
large,large,921.63,922.15
from,from,922.44,922.74
mountain,mountain,922.74,923.12
to,to,923.16,923.29
mountain,mountain,923.32,923.87
from,from,924.22,924.52
ocean,ocean,924.55,925.0999999999999
to,to,925.1,925.24
ocean,ocean,925.29,925.92
hear,hear,926.33,926.6800000000001
these,these,926.679999,927.059999
words,words,927.059999,927.8199989999999
you,you,928.11,928.58
will,will,928.59,928.88
never,never,928.88,929.62
be,be,929.66,929.98
ignored,ignored,929.98,930.79
again,again,930.88,931.61
Your,your,936.66,936.9
voice,voice,936.9,937.8199999999999
your,your,938.18,938.42
hopes,hopes,938.43,939.16
and,and,939.51,939.72
your,your,939.72,939.95
dreams,dreams,939.95,940.6
will,will,940.6,940.76
define,define,940.76,941.54
our,our,941.64,942.3
American,american,942.56,943.4399999999999
destiny,destiny,943.49,944.32
And,and,944.98,945.22
your,your,945.22,945.45
courage,courage,945.46,946.01
goodness,goodness,946.11,946.5500000000001
and,and,946.55,946.7099999999999
love,love,946.71,947.1700000000001
will,will,947.469999,947.739999
forever,forever,947.74,948.37
guide,guide,948.389999,948.779999
us,us,948.78,949.14
along,along,949.179999,949.5999989999999
the,the,949.61,949.72
way,way,949.719999,950.1599990000001
Together,together,951.25,952.1
we,we,952.59,952.84
will,will,952.84,953.0400000000001
make,make,953.049999,953.439999
america,america,953.440001,954.110001
strong,strong,954.14,954.64
again,again,954.65,955.14
We,we,955.69,955.94
will,will,955.94,956.1600000000001
make,make,956.17,956.67
america,america,956.76,957.49
wealthy,wealthy,957.49,958.07
again,again,958.07,958.59
We,we,958.83,959.12
will,will,959.12,959.33
make,make,959.34,959.83
america,america,959.93,960.68
proud,proud,960.68,961.18
again,again,961.18,961.75
We,we,962.01,962.28
will,will,962.28,962.48
make,make,962.5,962.98
America,america,963.05,963.87
safe,safe,963.87,964.32
again,again,964.32,964.7900000000001
And,and,965.03,965.31
yes,yes,965.309999,966.009999
together,together,966.07,966.95
we,we,967.049999,967.619999
will,will,967.66,967.9399999999999
make,make,967.94,968.48
America,america,968.559999,969.4699989999999
great,great,969.639999,970.229999
again,again,970.34,970.87
Thank,thank,971.24,971.6800000000001
you,you,971.68,971.9599999999999
God,god,971.99,972.34
bless,bless,972.35,972.77
you,you,972.77,973.13
And,and,973.38,973.62
god,god,973.63,974.11
bless,bless,974.12,974.59
America,america,974.59,974.83
Thank,,,
you,,,
God,,,
bless,,,
America,,,
