I,i,0.13,0.21000000000000002
got,got,0.21,0.36
a,a,0.36,0.41
chance,chance,0.41,0.6799999999999999
yesterday,yesterday,0.68,1.04
to,to,1.04,1.1400000000000001
talk,talk,1.14,1.39
to,to,1.39,1.5099999999999998
George,george,1.51,1.81
Clooney,clooney,1.81,2.17
from,from,2.19,2.37
his,his,2.37,2.48
home,home,2.48,2.68
outside,outside,2.68,2.97
of,of,2.97,3.0700000000000003
L,l,3.07,3.26
A,a,3.26,3.4
And,and,3.41,3.5300000000000002
he,he,3.53,3.6399999999999997
was,was,3.64,3.8200000000000003
very,very,3.82,4.07
open,open,4.07,4.34
and,and,4.34,4.47
candid,candid,4.47,4.8999999999999995
about,about,5.29,5.5600000000000005
what,what,5.56,5.68
he,he,5.68,5.81
thought,thought,5.81,6.109999999999999
about,about,6.11,6.29
all,all,6.29,6.41
that,that,6.41,6.58
money,money,6.58,6.96
that,that,6.96,7.11
is,is,7.11,7.220000000000001
pouring,pouring,7.22,7.56
into,into,7.56,7.72
campaigns,campaigns,7.72,8.48
at,at,8.809999,8.949999
events,events,8.95,9.53
like,like,9.57,9.74
the,the,9.74,9.83
one,one,9.83,10.03
he,he,10.03,10.18
hosted,hosted,10.179999,10.479999000000001
BEGIN,begin,10.849999,10.899999000000001
TAPE,tape,10.899999000000001,10.929999
Mr,mr,11.69,11.87
Clooney,clooney,11.88,12.16
welcome,welcome,12.16,12.49
to,to,12.65,12.76
MeetthePress,<unk>,12.759999,13.269999
Thank,thank,14.799999,15.039999
you,you,15.04,15.159999999999998
Chuck,chuck,15.16,15.39
Let,let,15.79,15.94
me,me,15.94,16.05
start,start,16.049999,16.389999
with,with,16.389999,16.719998999999998
dinner,dinner,17.440001,17.890000999999998
you,you,17.889999,18.059999
co,co,18.059999,18.259999
hosted,hosted,18.26,18.62
on,on,18.62,18.75
Friday,friday,18.76,19.130000000000003
night,night,19.13,19.48
a,,,
big,big,19.83,20.049999999999997
fundraiser,fundraiser,20.06,20.49
I,i,20.490000000000002,20.560000000000002
know,know,20.56,20.689999999999998
that,that,20.69,20.830000000000002
you,you,20.83,20.93
have,have,20.93,21.1
plans,plans,21.1,21.51
for,for,21.81,22.0
later,later,22.0,22.3
tonight,tonight,22.3,22.79
Do,do,24.17,24.360000000000003
you,you,24.36,24.54
look,look,24.55,25.26
at,at,25.62,26.12
how,how,27.36,27.59
much,much,27.59,27.82
is,is,27.82,27.92
being,being,27.92,28.150000000000002
raised,raised,28.15,28.509999999999998
and,and,28.509999999999998,28.659999999999997
I,i,28.66,28.73
think,think,28.740000000000002,28.94
the,the,28.939999999999998,29.11
cost,,,
of,,,
the,,,
friday,friday,29.639999,29.859999
night,night,29.86,30.009999999999998
dinner,dinner,30.009999,30.239999
353,<unk>,30.240000000000002,31.000000000000004
000,<unk>,31.010000000000005,31.750000000000004
a,a,32.549999,32.679999
couple,couple,32.679999,33.209999
to,to,33.219999,33.379999
be,be,33.389999,33.619999
a,a,33.679999,33.839999
co,co,33.839999,34.179999
chair,chair,34.18,34.69
do,do,35.18,35.27
you,you,35.269999999999996,35.379999999999995
look,look,35.379999,35.539998999999995
at,at,35.539999,35.639999
it,it,35.639999,35.809999000000005
yourself,yourself,35.82,36.31
and,and,36.309999000000005,36.43999900000001
think,think,36.440000999999995,36.70000099999999
That's,that's,36.709998999999996,36.929998999999995
an,an,36.93,37.02
obscene,obscene,37.02,37.38
amount,amount,37.389999,37.549999
of,of,37.54,37.64
money,money,37.64,37.94
Yes,yes,39.45,39.88
I,i,40.4,40.49
think,think,40.49,40.620000000000005
it's,it's,40.62,40.72
an,an,40.730000000000004,40.800000000000004
obscene,obscene,40.8,41.16
amount,amount,41.16,41.38999999999999
of,of,41.39,41.49
money,money,41.49,41.86
I,i,42.24,42.4
think,think,42.4,42.67
that,that,42.68,43.0
you,you,43.01,43.11
know,know,43.11,43.19
we,we,43.19,43.25
had,had,43.25,43.37
some,some,43.37,43.489999999999995
protesters,protesters,43.49,44.1
last,last,44.099999,44.359998999999995
night,night,44.36,44.63
when,when,44.63,44.81
we,we,44.809999,45.009999
pulled,pulled,46.269999999999996,46.51
up,up,46.51,46.629999999999995
in,in,46.63,46.760000000000005
San,san,46.76,46.94
Francisco,francisco,46.94,47.48
and,and,47.929999,48.089999
they're,they're,48.09,48.220000000000006
right,right,48.219999,48.479999
to,to,48.49,48.63
protest,protest,48.63,49.18
They're,they're,49.19,49.39
absolutely,absolutely,49.389999,49.929999
right,right,49.929999,50.199999000000005
It,it,50.2,50.330000000000005
is,is,50.33,50.53
an,an,50.53,50.64
obscene,obscene,50.65,51.19
amount,amount,51.19,51.39
of,of,51.389999,51.519999000000006
money,money,51.519999999999996,51.83
The,the,51.83,51.98
Sanders,sanders,51.980000000000004,52.550000000000004
campaign,campaign,53.059999000000005,53.519999000000006
when,when,53.519999999999996,53.629999999999995
they,they,53.629999,53.719999
talk,talk,53.719999,53.969999
about,about,53.980000000000004,54.220000000000006
it,it,54.219999,54.339999
is,is,54.34,54.63
absolutely,absolutely,54.71,55.28
right,right,55.28,55.52
It's,it's,55.52,55.830000000000005
ridiculous,ridiculous,55.83,56.559999999999995
that,that,56.57,56.71
we,we,56.71,56.83
should,should,56.83,56.98
have,have,56.99,57.17
this,this,57.17,57.29
kind,kind,57.3,57.43
of,of,57.43,57.47
money,money,57.5,57.73
in,in,57.73,57.82
politics,politics,57.82,58.3
I,i,58.34,58.49
agree,agree,58.49,58.85
completely,completely,59.12,59.62
advertisement,,,
You,you,59.69,59.83
know,know,59.83,59.92
it,it,59.92,59.940000000000005
was,was,59.94,60.04
interesting,interesting,60.04,60.57
We,we,60.58,60.76
caught,caught,60.76,61.11
our,our,61.18,61.43
camera,camera,61.43,61.74
caught,caught,61.74,62.04
you,you,62.04,62.26
having,having,62.269999999999996,62.61
a,a,62.61,62.66
conversation,conversation,62.66,63.22
with,with,63.22,63.36
the,,,
protesters,protesters,63.389999,64.029999
last,last,65.09,65.39
night,night,65.389999,65.599999
What,what,65.63,65.75999999999999
did,did,65.759999,65.85999899999999
you,you,65.86,65.89
say,say,65.889999,66.099999
to,to,66.099999,66.149999
them,them,66.15,66.24000000000001
Well,well,67.58,67.78
it,it,67.78,67.85
was,was,67.849999,67.989999
a,a,67.99,68.05999999999999
funny,funny,68.059999,68.339999
thing,thing,68.34,68.53
I,,,
went,went,68.58,68.77
over,over,68.77,68.92
to,to,68.92,69.05
try,try,69.049999,69.239999
to,to,69.24,69.33999999999999
talk,talk,69.339999,69.64999900000001
to,to,69.65,69.73
them,them,69.73,69.98
and,and,71.299999,71.449999
you,,,
said,said,71.559999,71.81999900000001
I,i,71.82,71.88
was,was,71.879999,72.029999
some,some,72.039999,72.289999
corporate,corporate,72.539999,73.019999
shill,<unk>,73.02,73.47
which,which,73.48,73.82000000000001
you,you,74.13,74.28
know,know,74.28,74.48
me,me,74.49,74.69999999999999
that's,that's,74.7,74.97
one,one,75.08,75.55
of,of,75.55,75.61999999999999
the,the,75.62,75.7
funnier,funnier,75.7,76.02
things,things,76.02,76.21
you,you,76.21,76.28999999999999
could,could,76.29,76.41000000000001
say,say,76.41,76.6
about,about,76.6,76.83
me,me,76.83,77.03999999999999
And,and,77.48,77.60000000000001
then,,,
he,he,77.8,77.91
just,just,77.91,78.21
said,said,78.21,78.58
you,you,78.89,78.99
know,know,78.99,79.07
You,you,79.07,79.27
sucked,sucked,79.27,79.58999999999999
as,as,79.59,79.73
Batman,batman,79.73,80.19
And,and,80.19,80.32
I,i,80.32,80.36999999999999
was,was,80.37,80.49000000000001
like,like,80.5,80.63
Well,well,80.63,80.69999999999999
you,you,80.7,80.83
kind,kind,81.46000000000001,81.63000000000001
of,,,
got,got,81.679999,81.879999
me,me,81.88,81.99
on,on,81.99,82.08
that,that,82.08,82.28
one,one,82.28,82.45
And,and,82.45,82.68
then,,,
I,,,
walked,walked,83.42,83.73
away,away,83.73,84.02000000000001
and,and,84.02,84.14
that,that,85.28,85.51
was,was,85.509999,85.659999
basically,basically,85.67,86.28
it,it,86.28,86.46000000000001
But,but,86.799999,87.219999
you,you,87.41,87.59
know,,,
I,i,88.33,88.63
think,think,88.65,88.84
what's,what's,88.84,88.97
important,important,88.969999,89.359999
and,and,89.359999,89.529999
what,what,89.529999,89.729999
I,i,89.74,89.92999999999999
think,think,89.93,90.39
the,the,90.43,90.64
Clinton,clinton,90.64,91.39
campaign,campaign,91.43,91.89
has,has,91.9,92.12
not,not,92.12,92.27000000000001
been,been,92.27,92.41
very,very,92.41,92.69
good,good,92.69,92.87
at,at,92.87,92.97
explaining,explaining,92.97,93.44
is,is,93.44,93.67
this,this,93.68,93.95
and,and,94.01,94.24000000000001
this,this,94.25,94.58
is,is,94.59,94.71000000000001
the,the,94.71,94.8
truth,truth,94.8,95.19
the,the,95.77,95.94
overwhelming,overwhelming,95.99,96.83999999999999
amount,amount,96.84,97.03
of,of,97.03,97.14
money,money,97.14,97.56
that,that,97.69,97.85
we're,we're,97.85,98.07
raising,raising,98.07,98.47
and,and,98.47,98.58
it,it,98.58,98.67
is,is,98.67,98.83
a,a,98.83,98.89999999999999
lot,lot,98.9,99.21000000000001
but,but,99.24,99.38
the,the,99.38,99.5
overwhelming,overwhelming,99.51,100.39
amount,amount,100.41,100.77
of,of,100.77,100.92
the,the,100.92,100.99
money,money,100.99,101.25999999999999
that,that,101.259999,101.379999
we're,we're,101.38,101.56
raising,raising,101.559999,102.139999
is,is,102.52,102.82
not,not,102.84,103.17
going,going,103.179999,103.539999
to,to,103.57,103.69999999999999
Hillary,hillary,103.7,104.26
to,to,104.34,104.46000000000001
run,run,104.46000000000001,104.7
for,for,104.7,104.81
President,president,104.809999,105.309999
it's,it's,106.34,106.53
going,going,106.529999,106.839999
to,to,106.84,107.26
the,the,107.27,107.49
down,down,107.49,107.75
ticket,ticket,107.75,108.02
It's,it's,108.02,108.17
going,going,108.17,108.47
to,to,108.47,108.78
the,the,108.79,109.11
congressmen,congressmen,109.17,109.67
and,and,109.67,109.77
senators,senators,109.77,110.21
to,to,110.21,110.27999999999999
try,try,110.28,110.46000000000001
to,to,110.46,110.55
take,take,110.55,110.74
back,back,110.74,110.88
Congress,congress,110.88,111.39
And,and,111.79,111.98
the,the,111.98,112.06
reason,reason,112.06,112.55
that's,that's,112.55,112.78
important,important,112.78,113.45
and,and,113.6,113.77
the,the,113.77,113.83999999999999
reason,reason,113.84,114.11
it's,it's,114.11,114.19
important,important,114.19,114.57
to,to,114.58,114.69
me,me,114.69,115.07
is,is,115.48,115.76
because,because,115.77,116.52
we,we,117.12,117.47
need,need,117.469999,117.889999
I'm,i'm,118.21000000000001,118.45
a,a,118.45,118.51
Democrat,democrat,118.51,119.0
so,so,119.0,119.11
if,if,119.11,119.17999999999999
you're,you're,119.179999,119.30999899999999
a,a,119.309999,119.31999900000001
Republican,republican,119.32,119.82
you're,you're,119.82,119.92999999999999
going,going,119.929999,120.049999
to,to,120.05,120.1
disagree,disagree,120.099999,120.609999
but,but,120.61,120.8
we,we,120.83,121.17
need,need,121.17,121.59
to,to,121.9,122.05000000000001
take,take,122.049999,122.429999
the,the,122.48,122.61
senate,senate,122.61,122.92999999999999
back,back,122.94,123.3
because,because,123.57,123.86999999999999
we,we,123.87,124.02000000000001
need,need,124.02,124.19
to,to,124.190001,124.270001
confirm,confirm,124.27,124.82
the,,,
Supreme,supreme,124.879999,125.289999
Court,court,125.289999,125.539999
justice,justice,125.539999,126.079999
because,because,126.39,126.92
that,that,127.14,127.45
fifth,fifth,127.469999,127.75999900000001
vote,vote,127.76,128.06
on,on,128.06,128.14000000000001
the,the,128.14,128.23999999999998
Supreme,supreme,128.24,128.62
Court,court,128.62,128.97
can,can,129.25,129.51
overturn,overturn,129.54,130.35999999999999
Citizens,citizens,130.39,130.92
United,united,130.92,131.45
and,and,131.7,131.91
get,get,131.92,132.17999999999998
this,this,132.18,132.49
obscene,obscene,132.54,133.31
ridiculous,ridiculous,133.33,134.12
amount,amount,134.12,134.33
of,of,134.33,134.44000000000003
money,money,134.44,134.73
out,out,134.78,135.1
so,so,135.32,135.57
I,i,135.58,135.71
never,never,135.71,135.96
have,have,135.96,136.08
to,to,136.08,136.18
do,do,136.179999,136.309999
a,a,136.309999,136.399999
fundraiser,fundraiser,136.4,136.99
again,again,136.99,137.39000000000001
And,and,137.44,137.68
that's,that's,137.679999,138.049999
why,why,138.66,138.85
I'm,i'm,138.849999,138.999999
doing,doing,139.0,139.26
it,it,139.259999,139.39999899999998
So,so,139.45,139.57
you,you,139.57,139.68
don't,don't,139.679999,139.849999
enjoy,enjoy,139.849999,140.399999
doing,doing,140.42,140.64999999999998
these,these,140.65,140.78
fundraisers,fundraisers,140.78,141.3
No,no,142.549999,142.72999900000002
I,i,142.969999,143.07999900000002
don't,,,
think,,,
anybody,anybody,143.4,143.92000000000002
does,does,143.92000000000002,144.17000000000002
I,i,144.17000000000002,144.32000000000002
don't,don't,144.63000000000002,144.92000000000002
even,even,144.93000000000004,144.97000000000003
think,think,145.14,145.30999999999997
politicians,politicians,145.31,146.05
do,do,146.05,146.34
You,you,146.49,146.66
know,know,146.66,146.85
I'm,i'm,146.85,147.01999999999998
sure,sure,147.02,147.32000000000002
you've,you've,147.88,148.16
covered,covered,148.17,148.55999999999997
them,them,148.56,148.72
before,before,148.72,149.08
It's,it's,149.08,149.28
not,not,149.28,149.45
the,the,149.45,149.54999999999998
most,most,149.55,149.96
fun,fun,151.15,151.46
thing,thing,151.46,151.61
to,to,151.61,151.69000000000003
do,do,151.69,151.82
You,you,151.83,151.94000000000003
know,know,151.94,152.04
I,i,152.05,152.48000000000002
spend,spend,152.49,152.96
probably,probably,153.48,153.7
a,a,153.7,153.76
quarter,quarter,153.76,154.10999999999999
of,of,154.11,154.20000000000002
my,my,154.21,154.6
time,time,154.67,155.10999999999999
now,now,155.11,155.42000000000002
raising,raising,155.42,156.05999999999997
millions,millions,156.429999,156.969999
and,and,156.969999,157.069999
millions,millions,157.07,157.37
of,of,157.37,157.48000000000002
dollars,dollars,157.48,157.95
to,to,158.66,159.10999999999999
fund,fund,159.349999,159.869999
my,my,160.23,160.51999999999998
foundation,foundation,160.52,161.25
which,which,161.25,161.48
is,is,161.48,161.78
basically,basically,162.2,162.73
chasing,chasing,162.73,163.28
and,and,163.28,163.59
looking,looking,163.79,164.2
for,for,164.2,164.64
money,money,164.89,165.48
that,that,165.51,165.7
these,these,165.7,166.11999999999998
corrupt,corrupt,166.6,167.29999999999998
politicians,politicians,167.64,168.29
all,all,168.29,168.45999999999998
around,around,168.46,168.67000000000002
the,the,168.67,168.76999999999998
world,world,168.77,169.22
are,are,169.4,169.58
hiding,hiding,169.58,170.16000000000003
The,the,170.55,170.66000000000003
Panama,panama,170.66,171.03
papers,papers,171.03,171.36
have,have,171.36,171.47000000000003
been,been,171.469999,171.629999
actually,actually,171.63,172.01
incredibly,incredibly,172.07,172.68
helpful,helpful,172.679999,172.969999
We,we,172.969999,173.109999
have,have,173.469999,173.649999
forensic,forensic,173.65,174.23000000000002
accountants,accountants,174.23,174.75
so,so,174.95,175.08999999999997
this,this,175.09,175.23
is,is,175.23,175.32999999999998
all,all,175.33,175.44000000000003
a,a,175.44,175.47
very,very,175.469999,175.759999
big,big,175.759999,175.95999899999998
part,part,175.969999,176.379999
of,of,176.69,176.85999999999999
things,things,176.87,177.06
that,that,177.059999,177.179999
are,are,177.179999,177.19999900000002
important,important,177.2,177.6
to,to,177.599999,177.659999
me,me,177.66,177.82999999999998
I,i,177.83,177.96
really,really,177.96,178.27
want,want,178.27,178.65
Citizens,citizens,179.049999,179.47999900000002
United,united,179.48,179.79
I,i,179.789999,179.849999
think,think,179.859999,180.039999
it's,it's,180.039999,180.259999
the,the,181.27,181.58
worst,worst,181.58,182.01000000000002
one,one,182.05,182.27
of,of,182.27,182.33
the,the,182.33,182.39000000000001
worst,worst,182.39,182.64
laws,laws,182.64,182.95
passed,passed,182.98,183.35
since,since,183.35,183.64
I've,i've,183.64,183.91
been,been,184.25,184.44
around,around,184.45,184.89999999999998
You,you,185.62,185.74
know,know,185.74,185.84
Bernie,bernie,185.84,186.14000000000001
Sanders,sanders,186.14,186.55999999999997
obviously,obviously,186.56,186.85
you've,you've,186.88,187.15
noted,noted,187.19,187.62
that,that,187.62,187.74
his,his,187.74,187.9
campaign,campaign,187.9,188.35
was,was,188.349999,188.499999
criticizing,criticizing,188.5,189.17
this,this,189.17,189.51
and,and,189.82,189.94
he,he,189.94,190.02
was,was,190.02,190.20000000000002
asked,asked,190.219999,190.57999900000002
about,about,190.58,190.9
your,your,190.95,191.36999999999998
fundraiser,fundraiser,191.37,191.91
specifically,specifically,191.91,192.69
and,and,192.69,192.82
he,he,192.82,192.92
tried,tried,192.92,193.17
he,he,193.17,193.29
backed,backed,193.29,193.63
off,off,193.63,193.84
and,,,
he,,,
said,said,194.49,194.8
this,this,194.799999,195.16999900000002
It's,,,
not,not,195.809999,195.989999
a,a,195.99,196.03
criticism,criticism,196.029999,196.659999
of,of,196.66,196.81
Clooney,clooney,196.809999,197.189999
it's,,,
a,a,197.869999,197.989999
criticism,criticism,198.03,198.79
of,of,198.82,199.01999999999998
corrupt,corrupt,199.21,199.75
campaign,campaign,199.91,200.62
finance,finance,200.63,201.22
system,system,201.22,201.7
where,where,202.1,202.35
big,big,202.35,202.63
money,money,202.63,202.95
interests,interests,202.95,203.58999999999997
and,and,204.0,204.11
it's,it's,204.11,204.26000000000002
not,not,204.26,204.42
Clooney,clooney,204.42,204.72
it's,it's,204.72,204.85
the,the,204.85,204.93
people,people,204.93,205.23000000000002
who,who,205.23,205.32999999999998
are,are,205.33,205.4
coming,coming,205.4,205.72
to,to,205.72,205.85999999999999
this,this,205.86,206.23000000000002
event,event,207.02,207.27
that,that,207.27,207.34000000000003
end,end,207.34000000000003,207.49
up,up,207.50000000000003,207.52
having,having,207.71,207.97000000000003
undue,,,
influence,influence,208.51,209.14
over,over,209.15,209.41
the,the,209.42,209.51
political,political,209.509999,209.919999
process,process,209.92,210.29999999999998
Do,,,
you,you,210.59,210.74
think,think,210.74,210.9
people,people,210.9,211.19
that,that,211.19,211.35
are,are,211.349999,211.449999
coming,coming,211.45,211.91
to,to,212.179999,212.249999
your,your,212.25,212.43
event,event,212.429999,212.809999
tonight,tonight,212.849999,213.319999
and,and,213.36,213.54000000000002
went,went,213.54,213.73
last,last,213.73,214.01
night,night,214.01,214.29999999999998
that,that,215.379999,215.54999899999999
they,they,215.549999,215.66999900000002
think,think,215.67000000000002,215.88000000000002
they're,they're,215.879999,215.999999
gonna,gonna,216.0,216.18
get,get,216.190001,216.350001
extra,extra,216.35,216.63
access,access,216.63,217.09
to,to,217.09,217.18
Hillary,hillary,217.18,217.47
Clinton,clinton,217.47,217.75
to,to,217.75,217.89
a,a,217.89,217.95
President,president,217.95,218.39999999999998
Clinton,clinton,218.4,218.71
No,no,220.07,220.38
I,i,220.41,220.62
actually,actually,221.1,221.45
don't,don't,221.45,221.76
think,think,221.76,221.95
that's,that's,221.95,222.26
true,true,222.27,222.55
I,i,222.55,222.62
think,think,222.63,222.78
there,there,222.78,222.93
is,is,222.93,223.08
a,a,223.08,223.16000000000003
difference,difference,223.16,223.6
between,between,223.61,224.16000000000003
the,the,224.42,224.55999999999997
Koch,koch,224.559999,224.85999900000002
brothers,brothers,224.86,225.44000000000003
and,and,225.54,226.01
us,us,226.36,226.8
you,you,226.849999,227.01999899999998
know,know,227.02,227.22
The,the,227.77,227.89000000000001
difference,difference,227.889999,228.249999
is,is,228.25,228.55
if,if,229.59,229.83
I,i,229.83,229.97
succeed,succeed,229.98,230.41
if,if,230.42,230.58999999999997
we,we,230.589999,230.759999
succeed,succeed,230.759999,231.229999
in,in,231.24,231.46
electing,electing,231.46,232.04000000000002
an,an,232.23,232.35999999999999
entire,entire,232.359999,232.829999
Congress,congress,232.84,233.32
which,which,233.32,233.45
would,would,233.449999,233.569999
be,be,233.57999999999998,233.73
quite,quite,233.73,234.04999999999998
a,a,234.049999,234.12999900000003
success,success,234.15,234.69
but,but,234.73,234.95999999999998
a,a,234.96,235.03
Senate,senate,235.03,235.49
and,and,235.49,235.8
a,a,235.8,235.94
President,president,237.32,237.85
you,you,238.21,238.38
know,know,238.38,238.48
the,the,238.48,238.57999999999998
tax,tax,238.59,238.91
policies,policies,238.91,239.38
that,that,239.38,239.53
they,they,239.53,239.69
would,would,239.69,240.05
enact,enact,240.14,240.60999999999999
would,would,240.62,240.95000000000002
probably,probably,240.96,241.48000000000002
cost,cost,241.48,241.79
us,us,241.79,241.92999999999998
a,a,241.93,242.0
lot,lot,242.0,242.28
more,more,242.32,242.57
money,money,242.57,243.03
quite,quite,243.73,244.03
honestly,honestly,244.03,244.4
The,the,244.4,244.52
Koch,koch,244.52,244.77
brothers,brothers,244.77,245.12
would,would,245.139999,245.36999899999998
profit,profit,245.37,245.86
if,if,245.87,246.07
they,they,246.07,246.34
get,get,246.349999,246.629999
their,their,246.73,247.04999999999998
way,way,247.049999,247.429999
and,and,247.45,247.67
that's,that's,247.67,247.89999999999998
what,what,247.9,248.13
you,you,248.37,248.51
know,know,248.509999,248.609999
there's,there's,249.179999,249.369999
no,,,
profit,profit,249.49,249.99
for,for,249.99,250.22
us,us,250.219999,250.399999
in,in,250.4,250.51000000000002
this,this,250.51,250.70999999999998
You,you,251.07999999999998,251.26
know,,,
understanding,understanding,251.32999999999998,251.91
this,this,251.91,252.27
Koch,koch,252.77,252.98000000000002
brothers,brothers,252.98,253.25
have,have,253.25,253.37
said,said,253.37,253.78
that,that,253.81,253.96
they're,they're,253.96,254.06
gonna,gonna,254.06,254.2
spend,spend,254.2,254.45999999999998
900,<unk>,254.46,254.75
million,million,255.02,255.42
not,not,256.12,256.35
on,on,256.35,256.43
the,the,256.43,256.51
presidency,presidency,256.51,257.34
but,but,257.52,257.66999999999996
on,on,257.67,257.79
the,,,
down,down,257.85,258.13
ticket,ticket,258.13,258.42
on,on,258.42,258.54
the,the,258.54,258.63
senators,senators,258.63,259.1
and,and,259.1,259.22
the,the,259.22,259.33000000000004
congressman,,,
and,and,259.84,259.88
the,the,259.89,259.99
gubernatorial,gubernatorial,259.99,260.69
races,races,260.69,261.09
and,and,261.09,261.25
local,local,261.26,261.69
races,races,261.69,262.13
And,and,263.15999999999997,263.5
so,so,264.13,264.32
our,our,264.32,264.54
job,job,264.54,264.77000000000004
is,is,264.77,264.89
to,to,264.889999,265.019999
try,try,265.02,265.58
and,and,265.599999,265.95999900000004
counter,counter,266.5,266.9
that,that,266.9,267.09
in,in,267.099999,267.249999
some,some,267.25,267.52
way,way,267.52,267.87
You,you,268.82,269.15999999999997
actually,actually,269.879999,270.239999
have,,,
plenty,plenty,270.27,270.53
of,of,270.54,270.63
nice,nice,270.63,270.84
things,things,270.85,271.11
to,to,271.11,271.21000000000004
say,say,271.21,271.35999999999996
about,about,271.36,271.52000000000004
Bernie,bernie,271.52,271.75
Sanders,sanders,271.75,272.08
I,i,272.08,272.12
think,think,272.12,272.25
you,you,272.25,272.34
did,did,272.34,272.47999999999996
an,,,
interview,interview,272.62,272.97
with,with,272.97,273.11
TheGuardian,<unk>,273.52,273.59
where,where,273.6,273.72
you,you,273.72,273.83000000000004
said,said,273.83,274.09999999999997
you,you,274.38,274.55
like,like,274.55,274.81
the,the,274.81,274.93
issues,issues,274.93,275.2
he,he,275.2,275.3
was,was,275.3,275.45
bringing,bringing,275.45,275.76
up,up,275.76,275.96999999999997
you,you,275.97,276.06
thought,thought,276.06,276.26
he,he,276.26,276.32
was,was,276.32,276.46
actually,actually,276.46,276.96999999999997
pushing,pushing,277.23,277.83000000000004
Hillary,hillary,277.84,278.15999999999997
Clinton,clinton,278.16,278.40000000000003
in,in,278.4,278.41999999999996
a,a,278.83,278.88
certain,certain,278.88,279.1
way,way,279.099999,279.26999900000004
I,i,280.99,281.15000000000003
am,am,281.15,281.29999999999995
curious,curious,281.3,281.59000000000003
why,why,281.599999,281.75999900000005
did,did,281.759999,281.929999
you,you,281.929999,282.069999
pick,pick,282.07,282.31
Clinton,clinton,282.309999,282.599999
over,over,282.599999,282.789999
Sanders,sanders,282.79,283.25
Well,well,284.69,284.84
I've,i've,284.839999,284.92999899999995
worked,worked,284.929999,285.139999
with,with,285.139999,285.179999
Secretary,secretary,285.219999,285.709999
Clinton,clinton,285.71,285.97999999999996
as,as,285.98,286.19
Secretary,secretary,286.289999,287.00999900000005
particularly,particularly,287.42,288.24
when,when,288.46000000000004,288.68
the,the,291.44,291.94
Sudan,sudan,291.95,292.34999999999997
and,and,292.35,292.44
South,south,292.44,292.65
Sudan,sudan,292.65,293.01
were,were,293.01,293.33
looking,looking,294.09,294.5
to,to,294.52,294.75
vote,vote,294.75,295.03
for,for,295.03,295.13
their,their,295.13,295.25
own,own,295.25,295.37
independence,independence,295.37,296.04
and,and,296.42,296.51
it,it,296.51,296.55
was,was,296.55,296.65000000000003
an,an,296.65,296.73999999999995
incredibly,incredibly,296.74,297.25
dangerous,dangerous,297.25,297.67
time,time,297.679999,298.039999
for,for,298.04,298.46000000000004
that,that,298.46,298.79999999999995
country,country,298.8,299.31
And,and,299.309999,299.499999
there,there,299.5,299.64
were,were,299.639999,299.91999899999996
you,you,301.259999,301.459999
know,know,301.46,301.72999999999996
hundreds,hundreds,301.79,302.20000000000005
of,of,302.2,302.28
thousands,thousands,302.28,302.64
of,of,302.639999,302.749999
people's,people's,302.75,303.1
lives,lives,303.099999,303.439999
at,at,303.44,303.57
risk,risk,303.57,303.93
And,and,303.94,304.39
between,between,305.25,305.58
the,the,305.58,305.65
Secretary,secretary,305.65,306.25
and,and,306.25,306.37
the,the,306.369999,306.479999
Security,security,306.48,306.99
Council,council,306.99,307.47
and,and,307.47,307.64000000000004
some,some,308.04,308.27000000000004
of,of,308.27,308.31
the,the,308.31,308.37
people,people,308.37,308.61
on,on,308.61,308.68
the,the,308.68,308.75
ground,ground,308.75,308.99
and,,,
Kofi,kofi,309.09,309.4
Anan,<unk>,309.4,309.81
and,and,309.81,309.98
Jimmy,jimmy,311.18,311.5
Carter,carter,311.5,311.79
and,and,311.79,311.90000000000003
people,people,311.9,312.13
like,like,312.13,312.26
that,that,312.26,312.4
and,,,
thousands,thousands,312.75,313.04
of,of,313.04,313.15000000000003
people,people,313.16,313.38000000000005
on,on,313.38,313.46
the,the,313.46,313.53999999999996
ground,ground,313.54,313.76000000000005
we,we,314.13,314.28
worked,worked,314.28,314.48999999999995
very,very,314.49,314.75
hard,hard,314.75,315.06
to,to,315.059999,315.179999
make,make,315.179999,315.409999
sure,sure,315.41,315.76000000000005
that,that,315.76,315.90999999999997
that,that,315.91,316.09000000000003
didn't,didn't,316.09,316.28999999999996
happen,happen,316.29,316.55
She,she,316.55,316.73
understood,understood,316.73,317.31
it,it,317.309999,317.479999
She,she,317.559999,317.799999
understood,understood,317.8,318.21000000000004
the,the,318.21,318.34
issues,issues,318.34,318.82
even,even,318.86,319.14
though,though,319.139999,319.299999
we,we,319.299999,319.429999
don't,don't,319.429999,319.629999
have,have,319.63,319.8
any,any,319.799999,319.95999900000004
great,great,319.96,320.27
reason,reason,320.58,321.08
to,to,321.08,321.21
pay,pay,321.21,321.43
much,much,321.429999,321.64999900000004
attention,attention,321.65,322.01
to,to,322.01,322.09999999999997
Sudan,sudan,322.1,322.44
We,we,323.209999,323.319999
don't,don't,323.32,323.45
trade,trade,323.48,323.88
with,with,323.879999,324.029999
them,them,324.029999,324.16999899999996
We,we,324.17,324.26
don't,don't,324.26,324.42
get,get,324.42,324.56
money,money,324.56,324.83
from,from,324.83,324.96999999999997
them,them,324.97,325.06
I,i,325.47,325.63000000000005
found,found,325.63,325.90999999999997
her,her,325.91,325.99
to,to,325.99,326.1
know,know,326.1,326.46000000000004
to,,,
be,be,326.49,326.67
knowledgeable,knowledgeable,326.67,327.32
and,and,327.32,327.54
to,to,327.54,327.64000000000004
be,be,327.64,327.78999999999996
and,and,329.16999999999996,329.27
to,to,329.27,329.28999999999996
care,care,329.46,329.83
about,about,329.84,330.14
the,the,330.14,330.2
issues,issues,330.52,330.87
And,and,330.87,331.14
we've,,,
worked,worked,331.37,331.63
together,together,331.63,331.98
since,since,331.98,332.25
then,then,332.25,332.4
and,and,332.4,332.54999999999995
I've,i've,332.55,332.76
been,been,332.76,332.96999999999997
a,a,332.97,333.08000000000004
very,very,333.49,333.87
big,big,333.87,334.11
fan,fan,334.11,334.38
of,of,334.38,334.49
hers,hers,334.49,334.79
But,but,335.03,335.16999999999996
I,i,335.17,335.32
want,want,335.48,335.68
to,,,
say,say,335.75,335.96
this,this,335.96,336.26
I,i,337.16,337.31
really,really,337.309999,337.689999
like,like,337.69,337.98
Bernie,bernie,337.98,338.31
I,i,338.309999,338.609999
think,think,338.63,338.92
what,what,339.509999,339.90999899999997
he's,he's,339.92,340.2
saying,saying,340.199999,340.589999
in,in,340.6,340.85
this,this,340.85,341.20000000000005
election,election,341.23,341.76
is,is,341.77,341.96
important,important,341.959999,342.47999899999996
if,if,342.75,343.0
you're,you're,343.0,343.14
a,a,343.14,343.21
Democrat,democrat,343.21,343.78
Again,again,343.78,344.10999999999996
to,to,344.33,344.46
have,have,344.46,344.71
these,these,344.71,344.87
conversations,conversations,344.87,345.67
I,i,345.9,346.03999999999996
hope,hope,346.04,346.22
he,he,346.22,346.32000000000005
stays,stays,346.32,346.69
in,in,346.69,347.02
for,for,347.25,347.4
the,the,347.4,347.51
entire,entire,347.51,348.03
election,election,348.03,348.47999999999996
and,and,348.77,348.96999999999997
if,if,349.0,349.23
he,he,349.23,349.5
were,were,349.5,349.75
to,to,349.75,349.95
win,win,349.95,350.2
the,the,350.2,350.28999999999996
nomination,nomination,350.29,351.03000000000003
I,i,351.349999,351.52999900000003
will,will,351.53,351.71
do,do,351.71,351.96999999999997
whatever,whatever,351.969999,352.34999899999997
I,i,352.349999,352.419999
can,can,352.42,352.68
including,including,352.69,353.34
if,if,353.349999,353.679999
asked,asked,354.04,354.48
a,a,354.5,354.64
fundraiser,fundraiser,354.639999,355.249999
like,like,355.25,355.5
this,this,355.5,355.88
again,again,356.27,356.78
to,to,356.79,356.89000000000004
try,try,356.889999,357.179999
to,to,357.179999,357.329999
give,give,359.25,359.48
him,him,359.48,359.70000000000005
or,or,359.99,360.27
her,her,360.27,360.83
Hillary,hillary,361.07,361.43
I,i,361.43,361.53000000000003
hope,hope,361.54,361.77000000000004
she,she,361.81,362.05
wins,wins,362.05,362.57
a,a,363.43,363.57
Senate,senate,363.57,364.07
because,because,364.1,364.5
honestly,honestly,364.51,365.0
we,we,365.0,365.18
see,see,365.18,365.43
what,what,365.43,365.56
happens,happens,365.57,365.89
when,when,365.89,366.02
a,a,366.02,366.06
President,president,366.06,366.59
tries,tries,367.17,367.44
to,to,367.44,367.53
get,get,367.53,367.75
their,their,368.2,368.63
Supreme,supreme,368.639999,368.97999899999996
Court,court,368.98,369.17
justice,justice,369.17,369.44
confirmed,confirmed,369.45,369.88
without,without,369.889999,370.279999
the,the,370.28,370.39
Senate,senate,370.389999,370.799999
You,you,371.23,371.51
have,have,372.42,372.45
minced,minced,372.62,372.91
no,no,372.91,373.06
words,words,373.059999,373.359999
about,about,373.37,373.55
your,your,373.549999,373.659999
feelings,feelings,373.66,373.97
about,about,373.969999,374.15999899999997
Donald,donald,374.16,374.49
Trump,trump,374.49,374.82
I,i,374.82,374.88
think,think,374.889999,375.059999
you,you,375.059999,375.179999
called,called,375.179999,375.359999
him,him,375.36,375.51
a,a,375.509999,375.729999
xenophobic,xenophobic,376.419999,376.739999
fascist,fascist,376.92,377.54
I,i,377.539999,377.57999900000004
hope,hope,377.58,377.75
I'm,i'm,377.75,377.88
quoting,quoting,378.199999,378.459999
you,you,378.46,378.57
correctly,correctly,378.59,379.09999999999997
I,i,379.64,379.95
think,think,380.13,380.31
you're,you're,380.31,380.41
pretty,pretty,380.41,380.67
close,close,380.67,381.01
Okay,okay,381.04,381.45000000000005
Fair,fair,381.47,381.69000000000005
enough,enough,381.69,381.99
What,what,382.8,383.13
have,,,
your,your,383.22,383.38000000000005
interactions,interactions,383.38,383.98
been,been,383.99,384.19
with,with,384.19,384.38
him,him,384.38,384.59
You,you,385.64,385.72999999999996
ever,ever,385.73,385.84000000000003
have,have,385.84,385.96
any,any,385.97,386.09000000000003
personal,personal,386.09,386.38
interaction,interaction,386.96999999999997,387.05
I,i,387.74,387.87
met,met,387.87,388.08
him,him,388.08,388.21999999999997
once,once,388.219999,388.65999899999997
I've,,,
met,,,
him,,,
once,,,
I,i,388.679999,388.799999
was,was,388.8,388.98
sitting,sitting,388.98,389.31
down,down,389.309999,389.869999
at,at,390.58,390.76
a,a,390.759999,390.819999
table,table,390.82,391.3
and,and,391.299999,391.329999
he,he,391.33,391.41999999999996
was,was,391.42,391.6
nice,nice,391.599999,391.89999900000004
And,and,393.099999,393.38999900000005
we,we,393.389999,393.499999
talked,talked,393.5,393.76
a,a,393.759999,393.819999
couple,couple,393.82,394.04
of,,,
times,times,394.1,394.47
I,i,394.46999900000003,394.539999
think,think,394.539999,394.83999900000003
And,and,394.84,395.11999999999995
then,then,395.75,396.02
he,he,396.02,396.10999999999996
went,went,396.109999,396.32999900000004
on,on,396.33,396.63
Larry,larry,396.86,397.15000000000003
King,king,397.15,397.33
and,and,397.33,397.5
told,told,397.5,397.75
everybody,everybody,397.75,398.08
I,i,398.08,398.13
was,was,398.13,398.29
very,very,398.29,398.59000000000003
short,short,398.59,399.14
I,,,
wish,,,
I,,,
had,,,
said,said,399.73,399.89000000000004
I,i,400.31,400.41
met,met,400.41,400.59000000000003
you,you,400.59,400.7
sitting,sitting,400.7,400.97999999999996
down,down,400.98,401.36
But,but,402.62,402.82
no,no,402.82,403.0
It's,it's,403.03,403.38
not,not,403.38,403.54
about,about,403.54,403.84000000000003
that,that,403.84,404.02
You,you,404.03,404.15
know,know,404.15,404.28999999999996
here's,here's,405.139999,405.429999
the,the,405.429999,405.509999
point,point,405.51,405.78
about,about,405.78,406.01
what's,what's,406.01,406.19
going,going,406.19,406.46
on,on,406.46,406.65
right,right,406.65,406.81
now,now,406.809999,406.979999
on,on,406.98,407.07
the,the,407.08,407.2
other,other,407.2,407.37
side,side,407.37,407.76
Trump,trump,408.469999,408.72999899999996
and,and,408.73,408.84000000000003
Cruz,cruz,408.84,409.13
are,are,409.13,409.18
making,making,409.179999,409.52999900000003
this,this,409.53,409.71
a,a,409.71,409.78999999999996
campaign,campaign,409.79,410.43
of,of,410.71,411.0
fear,fear,411.089999,411.589999
We,we,411.63,411.78
have,have,411.78,411.88
to,to,411.88,411.95
be,be,411.95,412.03
afraid,afraid,412.029999,412.319999
of,of,412.32,412.45
everything,everything,412.449999,412.719999
We,we,412.71999900000003,412.77999900000003
have,have,412.779999,412.84999899999997
to,to,412.859999,412.939999
be,be,412.949999,413.089999
afraid,afraid,413.09,413.33
of,of,413.33,413.5
refugees,refugees,413.5,414.16
We,we,414.16,414.27000000000004
have,have,414.27,414.38
to,to,414.379999,414.439999
be,be,414.46,414.59
afraid,afraid,414.59,414.82
of,of,414.82,414.92
Muslims,muslims,414.93,415.53000000000003
We,we,415.8,415.91
have,have,415.91,416.0
to,to,416.0,416.04
be,be,416.05,416.19
afraid,afraid,416.19,416.4
of,of,416.4,416.52
minorities,minorities,416.52,417.4
And,and,417.88,418.32
the,the,418.39,418.53999999999996
question,question,418.54,419.03000000000003
is,is,419.03,419.39
and,and,419.44,419.63
this,this,419.63,419.75
is,is,419.75,419.84
an,an,419.84,419.94
important,important,419.94,420.34
one,one,420.34,420.58
are,are,420.84,420.98999999999995
we,we,420.99,421.19
really,really,421.19,421.55
going,going,421.55,421.72
to,to,421.72,421.75
be,be,421.76,421.92
scared,scared,421.92,422.58000000000004
of,of,422.97,423.17
the,the,423.17,423.23
very,very,423.23,423.53000000000003
things,things,423.53,423.79999999999995
that,that,423.8,423.91
have,have,423.91,424.03000000000003
made,made,424.03,424.34
our,our,424.34,424.51
country,country,424.51,425.13
great,great,425.63,426.11
And,and,426.139999,426.319999
if,if,426.32,426.42
the,the,426.42,426.53000000000003
answer,answer,426.53,426.84999999999997
is,is,426.849999,427.309999
Yes,yes,427.5,428.15
then,then,428.86,429.06
we,we,429.059999,429.149999
have,have,429.15,429.28
history,history,429.28,429.71
to,to,429.71,429.84999999999997
answer,answer,429.849999,430.20999900000004
to,to,430.209999,430.649999
because,because,430.99,431.32
we're,we're,431.32,431.53
not,not,431.529999,431.79999899999996
afraid,afraid,431.799999,432.419999
We,we,435.09,435.64
are,are,435.64,435.69
not,not,435.69,435.92
a,a,435.92,435.97
country,country,435.97,436.38000000000005
that,that,436.38,436.53
is,is,436.53,436.67999999999995
afraid,afraid,436.68,437.09000000000003
and,and,437.09,437.21999999999997
I,i,437.22,437.35
refuse,refuse,437.36,437.82
to,to,437.82,437.92
accept,accept,437.92,438.31
that,that,438.31,438.56
Why,why,438.91,439.07000000000005
do,do,439.07,439.12
you,you,439.12,439.2
think,think,439.2,439.40999999999997
fear,fear,439.41,439.82000000000005
has,has,439.82,439.94
been,been,439.94,440.11
working,working,440.11,440.52000000000004
at,at,440.679999,440.829999
least,least,440.83,441.21999999999997
in,in,441.719999,441.899999
the,the,441.9,442.0
Republican,republican,442.0,442.47
party,party,442.469999,442.80999899999995
Because,because,444.17,444.42
fear's,,,
always,always,444.73,445.12
worked,worked,445.12,445.45
one,one,445.52,445.84
way,way,445.84,446.01
or,or,446.009999,446.019999
another,another,446.02,446.29999999999995
In,in,446.299999,446.319999
elections,elections,447.12,447.59000000000003
fear,fear,447.86,448.1
has,has,448.1,448.21000000000004
always,always,448.209999,448.469999
been,been,448.46999900000003,448.619999
a,a,448.619999,448.659999
great,great,448.66,449.03000000000003
one,one,449.96999900000003,450.179999
of,of,450.18,450.26
the,the,450.26,450.32
great,great,450.32,450.65
tools,tools,450.67,451.14000000000004
of,of,452.03,452.21999999999997
any,any,452.26,452.5
election,election,452.5,453.03
But,but,453.4,453.63
the,the,453.63,453.75
reality,reality,453.75,454.36
is,is,454.36,454.79
we,we,455.71,456.28999999999996
are,are,456.29,456.49
not,not,456.49,457.06
the,the,457.54,457.97
descendants,descendants,457.98,458.94
of,of,459.01,459.2
fearful,fearful,459.21,459.85999999999996
people,people,459.88,460.40999999999997
We're,we're,460.84,461.11999999999995
not,not,461.12,461.43
So,so,461.429999,461.609999
no,no,461.61,461.89
we're,we're,461.889999,462.09999899999997
not,not,462.099999,462.439999
going,going,462.46,462.79999999999995
to,to,462.799999,463.109999
ban,ban,463.36,463.91
Muslims,muslims,463.92,464.39000000000004
from,from,464.389999,464.579999
this,this,464.58,464.74
country,country,464.74,465.0
That's,that's,465.0,465.17
never,never,465.17,465.36
going,going,465.36,465.46000000000004
to,to,465.46,465.52
happen,happen,465.52,465.93
And,and,466.1,466.25
we're,we're,466.25,466.38
not,not,466.379999,466.679999
going,going,466.68,466.8
to,to,466.799999,466.889999
go,go,466.889999,467.089999
back,back,467.1,467.38
to,to,467.379999,467.499999
torture,torture,467.5,468.04
and,and,468.369999,468.609999
we're,we're,468.61,468.99
not,not,469.75,469.95
going,going,469.95,470.13
to,to,470.13,470.21999999999997
kill,kill,470.23,470.53000000000003
the,the,470.53,470.61999999999995
families,families,470.62,471.09000000000003
of,of,471.09,471.25
terrorists,terrorists,471.25,471.79
or,or,471.79,471.88
suspected,suspected,471.89,472.71
terrorists,terrorists,472.71,473.40999999999997
because,because,473.45,473.74
that,that,473.74,474.05
is,is,474.11,474.29
not,not,474.3,474.57
who,who,474.57,474.74
we,we,474.74,474.91
are,are,474.91,475.22
And,and,475.22,475.44000000000005
if,if,475.44,475.67
we,we,476.11,476.28000000000003
did,did,476.28,476.59
our,our,478.389999,478.569999
grandparents,grandparents,478.57,479.29
and,and,479.29,479.38
their,their,479.389999,479.619999
parents,parents,479.62,479.96
would,would,479.96,480.07
be,be,480.08,480.21999999999997
ashamed,ashamed,480.219999,480.699999
of,of,480.7,480.84
us,us,480.84,481.15999999999997
I'm,i'm,481.889999,482.259999
curious,curious,482.259999,482.709999
Hollywood,hollywood,482.719999,483.42999899999995
and,and,483.79,484.0
a,a,484.0,484.04
lot,lot,484.039999,484.309999
of,of,484.309999,484.489999
movie,movie,484.52,484.82
studios,studios,484.82,485.4
were,were,485.41,485.56
very,very,485.559999,485.949999
aggressive,aggressive,486.02,486.64
in,in,486.65,486.83
putting,putting,486.83,487.09999999999997
pressure,pressure,487.1,487.70000000000005
on,on,487.76,487.93
the,the,487.93,488.03000000000003
governor,governor,488.03,488.34
of,of,488.34,488.44
Georgia,georgia,488.44,488.92
to,to,489.32,489.46
veto,veto,489.47,489.77000000000004
a,a,489.77,489.84999999999997
bill,bill,489.85,490.39000000000004
that,that,490.53,490.84
would,would,490.84,491.04999999999995
have,have,491.05,491.39
perhaps,perhaps,492.86,493.40000000000003
made,made,493.7,494.01
it,it,494.01,494.2
easier,easier,494.75,495.1
to,to,495.099999,495.19999900000005
discriminate,discriminate,495.2,495.82
gays,gays,496.059999,496.369999
and,and,496.38,496.45
lesbians,lesbians,496.45,496.84
and,and,496.84,496.92999999999995
transgender,transgender,496.94,497.57
folks,folks,497.57,497.96999999999997
Some,some,498.55,498.78000000000003
of,of,498.78,498.86999999999995
that,that,498.87,499.03000000000003
same,same,499.03,499.5
pressure,pressure,499.5,499.97
is,is,499.969999,500.079999
being,being,500.08,500.25
applied,applied,500.25,500.55
to,to,500.549999,500.619999
North,north,500.62,500.85
Carolina,carolina,500.849999,501.379999
First,first,502.52,502.72999999999996
of,of,502.73,502.82
all,all,502.82,502.84999999999997
do,,,
you,you,502.96999900000003,503.159999
approve,approve,503.16,503.6
of,of,503.6,503.72
pressure,pressure,503.71999900000003,504.059999
like,like,504.059999,504.249999
that,that,504.25,504.51
number,number,504.51,504.71
one,one,504.71,505.01
and,and,505.059999,505.199999
what,what,505.2,505.28999999999996
do,do,505.29,505.34000000000003
you,you,505.34,505.45
make,make,505.459999,505.689999
of,of,505.69,505.77
the,the,505.77,505.83
North,north,505.83,506.03999999999996
Carolina,carolina,506.04,506.39000000000004
law,law,506.39,506.58
Well,well,508.24,508.5
I'm,i'm,509.84,510.06
a,a,510.06,510.13
protester,protester,510.13,510.73
from,from,510.73,510.92
way,way,510.92,511.04
back,,,
I,i,511.29,511.42
got,got,511.42,511.63
arrested,arrested,511.63,512.04
in,in,512.04,512.1999999999999
DC,<unk>,512.2,512.6600000000001
a,a,512.66,512.76
couple,couple,512.809999,513.029999
years,years,513.03,513.1999999999999
ago,ago,513.2,513.36
with,with,513.36,513.48
my,my,513.48,513.61
father,father,513.61,514.11
protesting,protesting,514.12,514.76
I'm,i'm,514.79,515.0799999999999
a,a,515.08,515.14
big,big,515.139999,515.359999
believer,believer,515.36,515.77
in,in,515.77,515.97
protests,,,
I,,,
think,,,
it,,,
matters,,,
from,,,
the,,,
'56,<unk>,515.98,515.99
Montgomery,montgomery,520.42,521.02
bus,bus,521.02,521.4
protest,protest,521.449999,522.0599990000001
to,to,522.059999,522.4699989999999
the,the,522.8599989999999,523.2099989999999
apartheid,apartheid,523.38,524.11
protests,protests,524.11,524.46
that,that,524.46,524.6
I,i,524.6,524.66
was,was,524.66,524.81
a,a,524.81,524.8599999999999
part,part,524.86,525.09
of,of,525.09,525.1800000000001
when,when,525.19,525.32
I,i,525.32,525.3900000000001
was,was,525.39,525.58
a,a,525.58,525.6700000000001
young,young,525.67,525.93
man,man,525.93,526.28
But,but,527.19,527.46
I,i,527.46,527.5300000000001
find,find,527.53,527.79
these,these,527.79,527.99
to,to,528.0,528.09
be,be,528.1,528.25
really,really,528.25,528.57
effective,effective,528.57,529.37
because,because,529.86,530.51
these,these,530.83,531.0400000000001
are,are,531.04,531.11
big,big,531.12,531.43
corporations,corporations,531.5,532.39
that,that,532.389999,532.5699989999999
are,are,532.57,532.63
protesting,protesting,532.63,533.28
And,and,533.28,533.4
when,when,533.4,533.48
you,you,533.48,533.6
have,have,533.599999,533.869999
IBM,<unk>,533.88,533.89
and,and,534.849999,535.069999
Walmart,walmart,535.07,535.72
of,of,535.719999,535.839999
all,all,535.84,536.0
people,people,536.03,536.42
and,,,
General,general,536.52,537.02
Electric,electric,537.03,537.49
and,and,537.49,537.62
people,people,537.62,537.85
like,like,537.849999,537.979999
that,that,537.98,538.21
coming,coming,538.209999,538.479999
at,at,538.48,538.6700000000001
you,you,538.67,538.8299999999999
it,it,539.299999,539.529999
affects,affects,539.809999,540.2099989999999
people,people,540.219999,540.509999
And,and,540.51,540.56
you,you,540.75,541.0
can,can,541.0,541.17
see,see,541.17,541.38
it,it,541.38,541.49
because,because,541.51,541.73
we,we,541.73,541.83
saw,saw,541.83,542.0200000000001
it,it,542.02,542.04
with,with,542.04,542.1899999999999
Mike,mike,542.19,542.36
Pence,<unk>,542.39,542.79
in,in,542.85,543.09
Indiana,indiana,543.86,544.3000000000001
We,we,544.3,544.4
saw,saw,544.4,544.5699999999999
it,,,
with,,,
Jan,jan,544.65,544.9
Brewer,brewer,544.9,545.42
in,in,545.76,546.15
Arizona,arizona,546.2,546.88
I,i,548.179999,548.269999
think,think,548.3,548.4599999999999
they,they,548.46,548.57
can,can,548.57,548.71
have,have,548.71,548.85
some,some,548.849999,549.019999
great,great,549.02,549.25
effect,effect,549.25,549.82
and,and,549.83,549.99
I,i,549.99,550.05
think,think,550.059999,550.2299989999999
the,the,550.23,550.34
law,law,550.34,550.52
is,is,550.52,550.65
ridiculous,ridiculous,550.65,551.23
of,of,551.23,551.35
course,course,551.349999,551.749999
All,all,552.0,552.13
right,right,552.13,552.33
George,george,552.599999,552.859999
Clooney,clooney,552.86,553.13
I've,i've,553.13,553.23
kept,kept,553.23,553.4300000000001
you,you,553.429999,553.4899989999999
long,long,553.49,553.66
enough,enough,553.66,554.0
Thanks,thanks,554.91,555.12
for,for,555.12,555.22
coming,coming,555.219999,555.4399990000001
on,on,555.44,555.6400000000001
Appreciate,appreciate,555.929999,556.299999
it,it,556.299999,556.529999
Thank,thank,557.66,557.85
you,you,557.85,557.95
Chuck,chuck,557.949999,558.199999
I,i,558.199999,558.2699990000001
appreciate,appreciate,558.28,558.65
it,,,
