Panel,panel,1.0,1.26
is,is,1.26,1.3900000000000001
here,here,1.39,1.6199999999999999
It,it,1.62,1.77
is,is,1.77,1.92
Wisconsin,wisconsin,1.92,2.65
primary,primary,2.66,3.0900000000000003
week,week,3.09,3.34
So,so,3.34,3.4899999999999998
we,we,3.49,3.64
flew,flew,3.64,3.83
in,in,3.83,3.94
one,one,3.94,4.04
of,of,4.04,4.12
the,the,4.12,4.18
smartest,smartest,4.18,4.52
reporters,reporters,4.52,4.84
from,from,4.84,4.96
the,the,4.96,4.99
state,state,4.99,5.26
Charles,charles,5.26,5.52
Benson,benson,5.52,5.85
from,from,6.39,6.569999999999999
our,our,6.57,6.7
local,local,6.7,6.98
affiliate,affiliate,6.98,7.3100000000000005
there,there,7.36,7.58
WTMJ,<unk>,7.59,8.52
in,in,8.53,8.69
Milwaukee,milwaukee,8.69,9.309999999999999
Helene,helene,9.349999,9.639999
Cooper,cooper,9.639999,9.959999
Pentagon,pentagon,9.96,10.280000000000001
correspondent,correspondent,10.28,10.67
for,for,10.67,10.73
The,the,10.73,10.780000000000001
New,new,10.78,10.84
York,york,10.84,11.01
Times,times,11.01,11.26
is,is,11.259999,11.389999000000001
also,also,11.389999,11.629999
here,here,11.63,11.81
Amy,amy,11.82,12.01
Walter,walter,12.009999,12.369999
editor,editor,12.59,12.76
of,of,12.759999,12.779999
The,the,12.79,12.889999999999999
Cook,cook,12.889999,13.069999
Political,political,13.07,13.38
Report,report,13.38,13.620000000000001
and,and,13.62,13.7
David,david,13.7,13.95
Brooks,brooks,13.95,14.26
columnist,columnist,14.259999,14.679999
for,for,14.679999,14.949999
The,the,14.95,15.04
New,new,15.04,15.129999999999999
York,york,15.13,15.32
Times,times,15.32,15.64
welcome,welcome,15.639999,15.969999
all,all,15.969999,16.229999
Charles,charles,16.58,17.029999999999998
I'll,i'll,17.029999,17.369999
start,start,17.369999,17.579999
with,with,17.58,17.7
you,you,17.699999,17.979999
On,on,18.02,18.32
the,the,18.32,18.42
ground,ground,18.42,19.01
is,is,19.08,19.479999999999997
this,this,19.49,19.99
looking,looking,20.05,20.51
as,as,20.53,20.71
bad,bad,20.71,20.990000000000002
for,for,20.990000000000002,21.12
Trump,trump,21.12,21.5
as,as,21.61,21.77
the,the,21.77,21.87
polls,polls,21.87,22.380000000000003
say,say,22.54,22.8
it,it,22.8,22.900000000000002
is,,,
Well,well,22.93,23.11
clearly,clearly,23.11,23.48
he,he,23.48,23.64
had,had,23.64,23.79
a,a,23.79,23.89
bad,bad,24.04,24.32
week,week,24.32,24.51
But,but,24.509999999999998,24.659999999999997
the,the,24.66,24.85
anti,anti,24.85,25.330000000000002
Trump,trump,25.33,25.669999999999998
forces,forces,25.67,26.200000000000003
were,were,26.2,26.37
already,already,26.429999000000002,27.099999000000004
going,going,27.53,27.900000000000002
at,at,27.9,28.07
him,him,28.07,28.23
You,you,28.309998999999998,28.449999
know,know,28.45,28.669999999999998
they,they,28.92,29.130000000000003
knew,knew,29.130000000000003,29.46
that,that,29.469999,29.639999000000003
they,they,29.639999,29.729999
were,were,29.73,29.84
going,going,29.84,29.88
to,to,29.880000000000003,29.930000000000003
come,come,29.929999000000002,30.109999000000002
into,into,30.11,30.31
Wisconsin,wisconsin,30.309998999999998,30.919998999999997
and,and,31.049999,31.269999
make,make,31.27,31.57
Wisconsin,wisconsin,31.58,32.4
their,their,32.53,32.77
Waterloo,waterloo,32.769999999999996,33.3
But,but,33.339999,33.499998999999995
what,what,33.5,33.64
they,they,33.639999,33.759999
found,found,33.759999,34.039999
out,out,34.039999,34.169999000000004
when,when,34.17,34.31
they,they,34.309999000000005,34.39999900000001
got,got,34.4,34.64
there,there,34.639999,34.869999
the,the,34.989999999999995,35.12
ground,ground,35.119999,35.429999
troops,troops,35.43,35.66
were,were,35.66,35.809999999999995
already,already,35.809999000000005,36.07999900000001
there,there,36.08,36.309999999999995
especially,especially,36.440000999999995,37.13000099999999
with,with,37.14,37.35
conservative,conservative,37.35,38.0
talk,talk,38.0,38.34
radio,radio,38.34,38.720000000000006
I,i,38.88,38.96
mean,mean,38.96,39.13
they,they,39.13,39.25
have,have,39.25,39.43
been,been,39.43,39.64
hammering,hammering,39.65,40.25
him,him,40.25,40.5
locally,locally,40.66,41.65
local,local,41.89,42.28
conservative,conservative,42.28,42.71
talk,talk,42.730000000000004,42.970000000000006
radio,radio,42.97,43.269999999999996
been,been,43.38,43.52
hammering,hammering,43.519999999999996,43.9
him,him,43.9,44.07
for,for,44.07,44.23
weeks,weeks,44.230000000000004,44.620000000000005
But,but,44.83,45.0
also,also,45.0,45.3
you,you,45.3,45.4
have,have,45.41,45.529999999999994
to,to,45.54,45.63
keep,keep,45.63,45.800000000000004
in,in,45.8,45.9
mind,mind,45.9,46.22
Scott,scott,46.230000000000004,46.690000000000005
Walker,walker,46.69,47.15
Paul,paul,47.519999999999996,47.849999999999994
Ryan,ryan,47.849999,48.169999
alright,alright,48.36,48.61
Scott,scott,48.61,48.87
Walker's,walker's,48.87,49.199999999999996
endorsed,endorsed,49.2,49.59
Ted,ted,49.59,49.77
Cruz,cruz,49.769999999999996,50.339999999999996
Paul,paul,50.389999,50.589999000000006
Ryan,ryan,50.589999,50.819998999999996
hasn't,hasn't,50.83,51.11
endorsed,endorsed,51.11,51.49
anybody,anybody,51.5,52.0
But,but,52.18,52.36
clearly,clearly,52.359999,52.899999
those,those,52.980000000000004,53.35
two,two,53.35,53.59
guys,guys,53.59,53.92
their,their,53.969999,54.329999
brand,brand,54.34,54.760000000000005
of,,,
politics,politics,54.82,55.55
has,has,55.7,55.93
been,been,55.93,56.27
really,really,56.31,56.68
big,big,56.7,57.03
time,time,57.03,57.44
conservative,conservative,57.44,58.18
issues,issues,58.21,58.62
And,and,58.64,58.76
they've,they've,58.76,58.9
won,won,58.9,59.15
And,and,59.38,59.64
they've,they've,59.64,59.84
won,won,59.84,60.13
So,so,60.28,60.39
they,they,60.39,60.52
have,have,60.519999999999996,60.599999999999994
something,something,60.6,60.78
to,to,60.78,60.82
be,be,60.82,60.94
happy,happy,60.94,61.19
about,about,61.19,61.4
in,in,61.4,61.49
Wisconsin,wisconsin,61.49,61.84
They,they,61.85,62.01
do,do,62.01,62.26
And,and,62.29,62.47
so,so,62.47,62.6
they,they,62.599999,62.889998999999996
when,when,63.16,63.33
they,they,63.33,63.449999999999996
look,look,63.45,63.6
at,at,63.599999,63.719998999999994
that,that,63.730000000000004,63.99
brand,brand,63.99,64.24000000000001
of,,,
politics,politics,64.28999999999999,64.91
that,that,64.969999,65.289999
works,works,65.28999999999999,65.57
better,better,65.57,65.97999999999999
than,than,66.03,66.19
what,what,66.19,66.45
the,the,66.57,66.69999999999999
Trump,trump,66.7,67.2
brand,brand,67.24,67.61
of,,,
politics,politics,67.66,68.17
is,is,68.17,68.33
right,right,68.33,68.51
now,now,68.509999,68.649999
All,,,
right,,,
David,david,68.88,69.25999999999999
We've,we've,69.259999,69.409999
been,been,69.41,69.56
here,here,69.559999,70.019999
I,i,70.389999,70.469999
want,want,70.469999,70.609999
to,,,
say,say,70.69999899999999,70.819999
four,four,70.82,71.05
weeks,weeks,71.049999,71.259999
ago,ago,71.26,71.68
you,you,72.0,72.18
were,were,72.18,72.48
convinced,convinced,72.55,73.05
Trump,trump,73.06,73.28
wasn't,wasn't,73.28,73.46000000000001
going,going,73.46,73.50999999999999
to,to,73.51,73.54
get,get,73.54,73.64
the,the,73.65,73.75
nomination,nomination,73.75,74.22
Two,two,74.23,74.35000000000001
weeks,weeks,74.35,74.52
ago,ago,74.52,74.77
you,you,74.77,74.89
wanted,wanted,74.89,75.16
to,,,
say,say,75.19,75.42
you,you,75.42,75.52
were,were,75.52,75.64999999999999
convinced,convinced,75.65,75.98
but,,,
you,you,76.17,76.26
weren't,weren't,76.26,76.47
comfortable,comfortable,76.47,76.88
saying,saying,76.88,77.11
anything,,,
Where,where,77.63,77.85
are,are,77.85,77.91
you,you,77.91,78.03
today,today,78.03,78.36
Morally,morally,78.39,78.76
defeated,defeated,78.76,79.17
Something's,something's,82.78,83.2
changed,changed,83.2,83.48
though,,,
Something,,,
has,,,
changed,,,
we,,,
think,,,
Yeah,yeah,83.77,83.95
something,something,84.059999,84.42999900000001
has,,,
changed,,,
All,all,85.059999,85.229999
these,these,85.23,85.36
people,people,85.36,85.58
keep,keep,85.58,85.73
waiting,waiting,85.74,86.05
for,for,86.049999,86.109999
him,him,86.11,86.24
When,when,86.24,86.39
is,is,86.389999,86.469999
he,he,86.469999,86.529999
going,going,86.53,86.6
to,to,86.599999,86.659999
turn,turn,86.66,86.82
into,into,86.82,86.97
a,a,86.969999,87.019999
philosopher,philosopher,87.02,87.42999999999999
king,king,87.429999,87.879999
It’s,it's,88.119999,88.369999
time,time,88.440001,88.630001
he,he,88.629999,88.709999
should,should,88.709999,88.849999
become,become,88.85,89.1
Abraham,abraham,89.1,89.39
Lincoln,lincoln,89.389999,89.699999
He's,he's,89.92,90.13
Donald,donald,90.129999,90.419999
Trump,trump,90.43,90.95
You,,,
know,,,
he’s,he's,91.18,91.52000000000001
you,you,91.63,91.78999999999999
know,know,91.79,91.97000000000001
it's,it's,92.01,92.19000000000001
all,all,92.2,92.4
aggression,aggression,92.4,93.02000000000001
it's,it's,93.15,93.34
all,all,93.34,93.59
ignorance,ignorance,93.59,94.0
it's,it's,94.0,94.11
all,all,94.11,94.28
the,the,94.28,94.37
time,time,94.37,94.83
But,but,95.07,95.28999999999999
I,i,95.29,95.47000000000001
think,think,95.82000000000001,96.04
he's,he's,96.04,96.17000000000002
going,,,
to,,,
have,,,
a,a,96.34,96.4
bad,bad,96.4,96.67
week,week,96.67,96.85000000000001
this,this,96.85,97.02
week,week,97.02,97.36999999999999
I,i,97.6,97.69
think,think,97.69,97.8
he'll,he'll,97.8,97.94
probably,probably,97.94,98.31
rally,rally,98.309999,98.619999
in,,,
New,new,98.66,98.75
York,york,98.75,99.21
and,and,99.51,99.64
it'll,it'll,99.639999,99.749999
all,all,99.76,99.95
come,come,99.95,100.15
down,down,100.15,100.29
to,to,100.28999999999999,100.41999999999999
California,california,100.74,101.50999999999999
The,the,101.759999,101.899999
people,people,101.9,102.25
in,in,102.25,102.39
the,the,102.389999,102.469999
Republican,republican,102.469999,102.829999
party,party,102.83,103.03999999999999
are,are,103.03999999999999,103.08
not,not,103.08,103.22
going,going,103.219999,103.289999
to,to,103.28999999999999,103.33
stop,stop,103.33,103.55
him,him,103.549999,103.639999
Look,look,103.639999,103.75999900000001
at,at,103.759999,103.80999899999999
that,that,103.809999,103.949999
Reince,<unk>,103.95,104.41
Priebus,,,
interview,interview,104.63,104.96
today,today,104.96000000000001,105.41000000000001
Like,like,105.7,105.88000000000001
the,the,106.16,106.44
week,week,106.440001,106.670001
that,that,106.67,106.75
we,we,106.75,106.87
had,had,106.869999,107.059999
with,with,107.059999,107.159999
Donald,donald,107.17,107.45
Trump,trump,107.44999899999999,107.65999899999998
he's,he's,107.66,107.82
a,a,107.82,107.88999999999999
catastrophe,catastrophe,107.889999,108.31999900000001
of,of,108.32,108.35
the,the,108.47,108.55
party,party,108.55,108.94
Priebus,<unk>,109.56,109.9
is,is,109.91,110.03
off,off,110.03,110.18
in,in,110.18,110.31
la,la,110.31,110.47
la,la,110.47,110.6
land,land,110.63,111.08999999999999
talking,talking,111.25,111.48
about,about,111.48,111.66000000000001
technical,technical,111.66,112.06
stuff,stuff,112.06,112.53
and,and,112.72,112.91
not,not,112.91,113.1
really,really,113.1,113.33
seizing,seizing,113.33,113.64
the,the,113.64,113.72
mantle,mantle,113.72,114.0
That's,that's,114.0,114.2
where,where,114.2,114.31
the,the,114.31,114.37
Republican,republican,114.37,114.76
establishment,establishment,114.76,115.36
So,so,115.37,115.53
they're,they're,115.53,115.65
not,not,115.65,115.82000000000001
going,going,115.82,115.89999999999999
to,to,115.9,115.97
beat,beat,115.98,116.14
him,him,116.139999,116.299999
The,the,116.48,116.61
only,only,116.61,116.84
way,way,116.84,117.05
he,he,117.05,117.16
gets,gets,117.16,117.36999999999999
beat,beat,117.38,117.61
is,is,117.639999,117.809999
if,if,117.809999,117.95999900000001
he,he,117.96000000000001,118.09
internally,internally,118.09,118.69
collapses,collapses,118.69,119.24
and,and,119.44,119.55
if,if,119.55,119.67999999999999
his,,,
supporters,supporters,119.74,120.25999999999999
morally,morally,120.27,120.74
collapse,collapse,120.74,121.08999999999999
because,because,121.09,121.33
of,of,121.33,121.42
bad,bad,121.429999,121.69999899999999
defeats,defeats,121.7,121.99000000000001
in,in,121.99,122.08
places,places,122.08,122.38
like,like,122.38,122.42
California,california,122.5,122.92
and,and,122.92,122.95
New,new,122.96000000000001,123.04
York,york,123.03999999999999,123.38
They're,they're,123.61,123.79
like,like,123.78999999999999,123.97
Oklahoma,oklahoma,123.969999,124.439999
at,at,124.440001,124.520001
the,the,124.52,124.58
end,end,124.58,124.69
of,of,124.690001,124.74000099999999
the,the,124.74,124.77
Villanova,villanova,124.77,125.14
game,game,125.139999,125.479999
there's,there's,125.690001,125.910001
nothing,nothing,125.91,126.19
there,there,126.190001,126.610001
But,but,126.78,126.99
nobody's,nobody's,126.99,127.25999999999999
going,going,127.26,127.35000000000001
to,to,127.35,127.38
take,take,127.4,127.53
it,it,127.54,127.58000000000001
away,away,127.58,127.74
from,from,127.74,127.91
him,,,
Do,,,
you,,,
think,,,
David's,david's,128.21,128.54000000000002
right,right,128.54,128.73
Or,or,128.73,128.89999999999998
I,i,129.05,129.21
feel,feel,129.21,129.48000000000002
as,as,129.48,129.64999999999998
if,if,129.65,129.81
though,though,129.81,129.99
something,something,129.99,130.34
changed,changed,130.34,130.6
I,i,130.6,130.60999999999999
mean,mean,130.66,130.75
you,you,130.75,130.86
look,look,130.86,131.02
at,at,131.02,131.12
what's,what's,131.13,131.37
happening,happening,131.37,131.82
on,on,131.83,132.04000000000002
the,the,132.04,132.16
ground,ground,132.16,132.57999999999998
in,in,132.59,132.81
the,the,132.81,132.91
technical,technical,132.91,133.38
parts,parts,133.38,133.62
of,of,133.62,133.73000000000002
this,this,133.73,133.94
right,right,133.94,134.16
where,where,134.16,134.27
you,you,134.27,134.43
have,have,134.429999,134.69999900000002
Tennessee,tennessee,135.25,135.71
party,party,135.94,136.22
chair,chair,136.219999,136.479999
making,making,136.48,136.73999999999998
sure,sure,136.74,137.07000000000002
he's,he's,137.259999,137.449999
putting,putting,137.45,137.73
party,party,137.73,138.10999999999999
operatives,operatives,138.17,138.85999999999999
into,into,138.94,139.2
the,the,139.2,139.29
delegate,delegate,139.29,139.64
spots,spots,139.639999,139.919999
even,even,139.92,140.14
in,in,140.139999,140.219999
the,the,140.219999,140.309999
Trump,trump,140.309999,140.57999900000002
seats,seats,140.58,141.06
that,that,141.849999,142.04999899999999
they're,they're,142.049999,142.249999
at,at,142.26,142.32
least,least,142.32,142.72
seeding,seeding,142.73,143.34
this,this,143.35,143.85
so,so,144.049999,144.239999
that,that,144.24,144.39000000000001
they,they,144.389999,144.48999899999998
can,can,144.5,144.64
stop,stop,144.64,144.94
Trump,trump,144.949999,145.279999
if,if,145.49,145.66
they,they,145.66,145.75
have,have,145.75,145.89
the,the,145.89,145.98
opportunity,opportunity,145.98,146.45
Here's,here's,147.23,147.42999999999998
where,where,147.43,147.53
Republicans,republicans,147.53,148.06
are,are,148.06,148.18
right,right,148.18,148.34
now,now,148.34,148.55
They,they,148.6,148.85999999999999
get,get,148.89,149.04999999999998
to,to,149.05,149.12
decide,decide,149.12,149.41
if,if,149.41,149.53
they,they,149.53,149.64000000000001
wanna,wanna,149.64,149.85999999999999
have,have,149.87,150.14000000000001
a,a,150.17,150.26
civil,civil,150.26,150.54
war,war,150.54,150.94
if,if,151.52,151.70000000000002
Trump,trump,151.7,151.94
wins,wins,151.94,152.4
or,or,152.79,152.92999999999998
a,a,152.929999,153.00999900000002
civil,civil,153.01,153.26999999999998
war,war,153.27,153.42000000000002
if,if,153.42,153.53
Trump,trump,153.53,153.77
loses,loses,153.77,154.24
There,there,154.29,154.48999999999998
is,is,154.49,154.70000000000002
no,no,154.7,155.23999999999998
winner,winner,155.349999,155.869999
out,out,155.96,156.11
of,of,156.11,156.27
this,this,156.27,156.42000000000002
whole,whole,156.42,156.57
fight,fight,156.57,156.89
So,so,157.16,157.29
he,he,157.29,157.45
can,can,157.45,157.61999999999998
either,either,157.62,157.88
come,come,157.9,158.12
into,into,158.12,158.8
Cleveland,cleveland,158.839999,159.349999
with,with,159.36,159.65
the,the,159.66,159.93
amount,amount,160.0,160.25
of,of,160.25,160.3
delegates,,,
I,,,
think,think,160.74,160.96
Wisconsin,wisconsin,160.959999,161.41999900000002
will,will,161.42000000000002,161.52
tell,tell,161.52,161.71
us,us,161.709999,161.85999900000002
whether,whether,161.859999,162.08999899999998
or,or,162.09,162.16
not,not,162.16,162.38
he,he,162.4,162.56
will,will,162.56,162.73
be,be,162.73,162.89999999999998
able,able,162.9,163.08
to,to,163.08,163.19000000000003
get,get,163.19,163.35
1,,,
237,<unk>,163.69,164.16
He,he,164.34,164.51
loses,loses,164.51,164.81
Wisconsin,wisconsin,164.81,165.26
by,by,165.26,165.42999999999998
a,a,165.44,165.45
big,big,165.45,165.64999999999998
amount,amount,165.65,165.95000000000002
I,i,166.33,166.41000000000003
don't,don't,166.41,166.57999999999998
think,think,166.59,166.74
he's,he's,166.74,166.91
going,going,166.91,167.0
to,to,167.0,167.06
be,be,167.07,167.16
able,able,167.16,167.31
to,to,167.31,167.43
make,make,167.43,167.65
that,that,167.65,167.79
up,up,167.79,167.95999999999998
Or,or,167.96,167.97
he’ll,he'll,167.97,168.07
be,be,168.07,168.19
very,very,168.19,168.45
close,close,168.45,168.75
Or,or,169.23,169.23999999999998
we,we,169.24,169.35000000000002
go,go,169.35,169.45
to,to,169.45,169.54
Cleveland,cleveland,169.54,170.07
and,and,170.12,170.3
we,we,170.3,170.38000000000002
have,have,170.389999,170.58999899999998
another,another,170.59,170.92000000000002
civil,civil,170.92,171.23
war,war,171.23,171.51
where,where,171.52,171.74
yeah,yeah,171.88,172.10999999999999
technically,technically,172.11,172.62
they,they,172.62,172.75
could,could,172.75,172.91
take,take,172.91,173.09
it,it,173.09,173.18
away,away,173.179999,173.409999
from,from,173.41,173.54
him,,,
This,this,174.23,174.42
is,is,174.42,174.54
how,how,174.54,174.67999999999998
it,it,174.679999,174.78999900000002
works,works,174.79,175.32
Reince,<unk>,175.38,175.7
isn’t,isn't,175.7,175.86999999999998
incorrect,incorrect,175.889999,176.469999
The,the,176.639999,176.749999
delegates,,,
select,select,177.2,177.63
who,who,177.63,177.71
the,the,177.71,177.81
president,president,177.809999,178.179999
is,is,178.27,178.48000000000002
But,but,178.77,178.96
there,there,178.959999,179.07999900000002
are,are,179.07999999999998,179.13
going,going,179.129999,179.239999
to,to,179.24,179.28
be,be,179.279999,179.419999
a,a,179.42000000000002,179.49
whole,whole,179.49,179.79000000000002
bunch,bunch,179.789999,180.069999
of,of,180.07,180.22
Republicans,republicans,180.219999,180.819999
very,very,180.83,181.23000000000002
upset,upset,181.23,181.5
about,about,181.5,181.69
it,it,181.69,181.79
even,even,181.83,182.18
people,people,182.18,182.44
who,who,182.44,182.54
didn't,didn't,182.55,182.86
vote,vote,182.86,183.08
for,for,183.08,183.21
Donald,donald,183.21,183.5
Trump,trump,183.51,183.73999999999998
because,because,183.92,184.22
they,they,184.22,184.35999999999999
see,see,184.36,184.68
as,as,184.7,184.82999999999998
you,you,184.83,184.93
pointed,pointed,184.93,185.23000000000002
out,out,185.23,185.38
is,,,
this,this,185.82,186.07999999999998
fair,fair,186.08,186.57000000000002
Is,is,186.9,187.13
this,this,187.13,187.31
fair,fair,187.31,187.6
And,and,187.61,187.86
that,that,187.87,188.17000000000002
is,is,188.179999,188.349999
going,going,188.349999,188.619999
to,to,188.62,188.81
just,just,188.809999,189.07999900000002
split,split,189.08,189.55
this,this,189.55,189.73000000000002
party,party,189.74,190.04000000000002
apart,apart,190.04,190.41
And,and,191.02,191.16
anybody,anybody,191.16,191.51
who,who,191.509999,191.529999
thinks,thinks,191.55,191.74
that,that,191.74,191.87
Donald,donald,191.87,192.11
Trump,,,
is,,,
just,,,
going,,,
to,,,
go,go,192.639999,192.83999899999998
away,away,192.84,193.09
if,if,193.09,193.19
he,he,193.19,193.32
loses,loses,193.32,193.68
this,this,193.679999,193.85999900000002
like,like,193.86,194.02
Oh,oh,194.02,194.15
well,well,194.15,194.31
he's,he's,194.309999,194.469999
not,not,194.469999,194.609999
going,going,194.61,194.66000000000003
to,to,194.66,194.72
be,be,194.73,194.79
able,able,194.79,194.87
to,to,194.87,194.96
get,get,194.96,195.09
on,on,195.089999,195.209999
a,a,195.21,195.28
ballot,ballot,195.29,195.70999999999998
he's,he's,195.79,196.17999999999998
got,got,196.18,196.53
Twitter,twitter,197.07,197.54
and,and,197.809999,197.969999
he's,he's,197.969999,198.169999
got,got,198.17000000000002,198.44000000000003
cable,cable,198.48,198.79999999999998
TV,tv,198.8,199.19
And,and,199.21,199.36
he's,he's,199.36,199.51000000000002
going,going,199.51,199.62
to,,,
spend,spend,199.69,199.95
all,all,199.96,200.15
of,,,
his,,,
time,time,200.34,200.58
there,there,200.58,200.81
Helene,helene,200.9,201.09
I'm,i'm,201.09,201.19
curious,curious,201.19,201.48
You,you,201.48,201.54999999999998
know,know,201.55,201.62
he's,he's,201.65,201.86
talked,talked,201.86,202.10000000000002
a,a,202.1,202.18
lot,lot,202.18,202.56
about,about,202.67,203.32
NATO,nato,204.16,204.87
this,this,204.89,205.11999999999998
week,week,205.12,205.37
in,in,205.37,205.52
weird,weird,205.52,205.82000000000002
ways,ways,205.82,206.19
he's,he's,206.19,206.32
talked,talked,206.32,206.48999999999998
a,a,206.49,206.54000000000002
lot,lot,206.54,206.76999999999998
about,about,206.77,207.06
nukes,nukes,207.07,207.59
and,and,207.59,207.73
nuclear,nuclear,207.73,208.1
policy,policy,208.099999,208.689999
I'm,i'm,209.639999,209.829999
just,just,209.83,210.0
curious,curious,210.0,210.58
what,what,210.61,210.88000000000002
do,,,
the,the,210.91,211.02
folks,folks,211.02,211.33
at,at,211.33,211.43
the,the,211.429999,211.489999
Pentagon,pentagon,211.49,211.96
think,think,211.98,212.29
And,and,212.299999,212.469999
I'm,i'm,212.469999,212.569999
not,not,212.57,212.73999999999998
talking,talking,212.74,212.95000000000002
about,about,212.95,213.14999999999998
the,the,213.15,213.24
political,political,213.24,213.74
operatives,operatives,213.74,214.07000000000002
I'm,i'm,214.07,214.19
talking,talking,214.190001,214.380001
about,about,214.389999,214.61999899999998
the,the,214.619999,214.719999
career,career,214.719999,215.059999
folks,folks,215.059999,215.529999
who,who,215.539999,215.729999
are,are,215.73,215.79
going,going,215.789999,215.889999
to,to,215.889999,215.92999899999998
be,be,215.93,216.12
there,there,216.119999,216.47999900000002
if,if,216.56,216.72
Trump's,trump's,216.72,216.96
elected,elected,216.96,217.28
president,president,217.289999,217.699999
or,or,217.71,217.84
if,if,217.84,217.92000000000002
Clinton's,clinton's,217.92,218.19
elected,elected,218.2,218.5
president,president,218.5,218.84
No,no,218.98,219.25
they,they,219.25,219.38
were,were,219.38,219.62
appalled,appalled,219.62,220.24
You,you,220.38,220.56
know,know,220.56,220.69
last,last,220.7,221.03
week,week,221.03,221.27
I,i,221.27,221.32000000000002
was,was,221.32,221.51
on,on,221.52,221.88000000000002
a,a,221.92,222.04999999999998
Navy,navy,222.05,222.58
cruiser,cruiser,222.58,222.99
in,in,222.99,223.04000000000002
the,the,223.05,223.17000000000002
South,south,223.17,223.41
China,china,223.41,223.74
Sea,sea,223.74,224.12
that,that,224.17,224.32
was,was,224.32,224.51999999999998
doing,doing,224.78,225.05
this,this,225.05,225.26000000000002
diplomatic,diplomatic,225.26,225.95999999999998
dance,dance,225.96,226.3
with,with,226.309999,226.469999
China,china,226.469999,226.909999
We,we,226.92,226.94
had,had,227.05,227.18
a,a,227.179999,227.269999
Chinese,chinese,227.28,227.73
ship,ship,227.73,228.06
that,that,228.28,228.46
was,was,228.46,228.66
trailing,trailing,228.66,229.12
us,us,229.12,229.34
And,and,229.52,229.75
several,several,229.75,230.12
times,times,230.12,230.46
I,i,230.46,230.52
got,got,230.52,230.72
into,into,230.719999,230.909999
conversations,conversations,230.91,231.71
with,with,231.71,231.87
sailors,sailors,231.87,232.38
about,about,232.379999,232.779999
you,you,232.959999,233.10999900000002
know,know,233.109999,233.349999
This,this,233.35,233.57
is,is,233.57,233.70999999999998
all,all,233.709999,233.879999
about,about,233.879999,234.219999
how,how,234.219999,234.459999
we,we,234.459999,234.809999
you,you,234.91,235.09
know,know,235.09,235.27
how,how,235.27,235.42000000000002
we,we,235.42000000000002,235.57000000000002
strategize,strategize,235.56,236.28
in,in,236.29,236.37
a,a,236.37,236.44
really,really,236.45,236.89
important,important,237.04,237.57999999999998
area,area,237.59,237.94
could,could,237.96,238.12
Donald,donald,238.13,238.48
Trump,trump,238.48,238.78
even,even,238.8,239.11
handle,handle,239.11,239.48000000000002
something,something,239.48,239.82
like,like,239.82,239.97
this,this,239.97,240.22
And,and,240.77,240.93
then,then,240.93,241.04000000000002
you,you,241.04,241.17999999999998
had,had,241.18,241.43
this,this,241.43,241.64000000000001
week,week,241.64,241.82999999999998
with,with,241.85,242.01
Donald,donald,242.01,242.29999999999998
Trump's,trump's,242.3,242.63000000000002
message,message,242.91,243.41
is,is,243.41,243.6
about,about,243.599999,243.999999
and,and,244.0,244.16
what,what,244.16,244.29999999999998
he,he,244.3,244.42000000000002
said,said,244.42,244.66
about,about,244.66,244.92
South,south,244.92,245.17
Korea,korea,245.17,245.51999999999998
and,and,245.52,245.65
Japan,japan,245.65,246.05
which,which,246.05,246.25
the,the,246.36,246.52
Japanese,japanese,246.53,246.99
prime,prime,247.0,247.18
minister,minister,247.179999,247.519999
immediately,immediately,247.52,248.22
recanted,<unk>,248.45,249.16
or,or,251.32999999999998,251.51999999999998
dismissed,dismissed,251.539999,252.17999899999998
But,but,252.42000000000002,252.75000000000003
and,and,252.779999,252.939999
you,you,252.94,253.04
have,have,253.05,253.26000000000002
that,that,253.28,253.56
juxtaposed,<unk>,253.56,254.36
against,against,254.41,254.89
President,president,254.89,255.16
Obama's,<unk>,255.16,255.94
Washington,washington,256.03,256.53999999999996
Nuclear,nuclear,256.55,256.91
Summit,summit,256.91,257.22
in,in,257.37,257.51
which,which,257.51,257.68
you,you,257.68,257.79
had,had,257.79,258.03000000000003
heads,heads,258.2,258.42
of,of,258.42,258.51
states,states,258.52,258.85999999999996
from,from,258.86,259.05
all,all,259.06,259.32
over,over,259.32,259.5
the,the,259.5,259.58
world,world,259.58,259.85999999999996
sitting,sitting,259.86,260.1
here,here,260.099999,260.299999
carefully,carefully,260.32,261.09
talking,talking,261.29,261.93
about,about,261.969999,262.329999
nuclear,nuclear,262.38,262.8
disarmament,disarmament,262.8,263.46000000000004
and,and,263.46,263.65
how,how,263.78,264.02
do,do,264.02,264.12
we,we,264.12,264.27
go,go,264.27,264.40999999999997
about,about,264.41,264.73
doing,doing,264.73,264.94
it,it,264.94,265.07
I,i,265.07,265.14
just,just,265.139999,265.369999
think,think,265.38,265.69
when,when,265.849999,266.06999900000005
you,you,266.07,266.21999999999997
look,look,266.219999,266.55999899999995
at,at,266.61,267.04
all,all,267.41,267.69
of,of,267.69,267.8
the,the,267.799999,267.89999900000004
things,things,267.91,268.14000000000004
that,that,268.139999,268.269999
happened,happened,268.279999,268.73999899999995
to,to,268.74,268.84000000000003
Donald,donald,268.84,269.19
Trump,trump,269.190001,269.500001
this,this,269.5,269.75
week,week,269.75,270.17
and,and,270.21999900000003,270.45999900000004
the,the,270.690001,271.000001
abortion,abortion,271.18,271.8
issue,issue,271.81,272.19
was,was,272.19,272.48
horrible,horrible,272.64,273.13
for,for,273.14,273.34999999999997
him,him,273.35,273.65000000000003
but,but,273.92,274.07
I,i,274.07,274.15999999999997
think,think,274.18,274.44
the,the,274.44,274.57
nuclear,nuclear,274.57,275.11
issue,issue,275.13,275.52
I,i,275.55,275.63
think,think,275.63,275.83
ends,ends,275.84,276.11999999999995
up,up,276.12,276.42
scaring,scaring,276.8,277.22
people,people,277.22,277.56
particularly,particularly,277.56,278.17
at,at,278.17,278.27000000000004
the,the,278.27,278.34
Pentagon,pentagon,278.34,278.83
and,and,278.84,278.86999999999995
the,the,278.87,278.93
national,national,278.929999,279.289999
security,security,279.29,279.75
apparatus,apparatus,279.75,280.31
a,a,280.5,280.63
whole,whole,280.63,280.87
lot,lot,280.87,281.04
more,more,281.04,281.34000000000003
All,all,281.44,281.55
right,right,281.55,281.68
If,if,281.71,281.95
Trump,trump,281.95,282.22999999999996
falls,falls,282.24,282.58
though,though,282.58,282.82
the,the,282.83,282.95
beneficiary,beneficiary,282.95,283.65999999999997
is,is,283.67,283.85
Ted,ted,283.849999,284.02999900000003
Cruz,cruz,284.03,284.23999999999995
Ted,ted,284.24,284.43
Cruz,cruz,284.429999,285.27999900000003
if,if,285.65,285.85999999999996
Ted,ted,285.86,286.04
Cruz,cruz,286.039999,286.249999
wins,wins,286.25,286.48
Wisconsin,wisconsin,286.48,286.94
Charles,charles,286.940001,287.250001
is,is,287.279999,287.399999
it,it,287.4,287.5
because,because,287.5,287.96
there,there,287.99,288.18
are,are,288.18,288.24
a,a,288.24,288.31
whole,whole,288.309999,288.419999
bunch,bunch,288.42,288.58000000000004
of,of,288.58,288.71999999999997
Cruz,cruz,288.72,288.93
Republicans,republicans,288.93,289.44
or,or,289.45,289.59999999999997
is,is,289.61,289.67
he,he,289.67,289.81
really,really,289.81,290.07
benefiting,benefiting,290.07,290.55
from,from,290.55,290.69
Stop,stop,290.69,290.91
Trump,trump,290.91,291.15000000000003
right,right,291.16,291.34000000000003
now,now,291.34,291.48999999999995
Well,well,291.58,291.8
I,i,291.8,291.88
think,think,291.89,292.05
he's,he's,292.05,292.17
benefiting,benefiting,292.17,292.65000000000003
from,from,292.65,292.78
the,the,292.78,292.85999999999996
Stop,stop,292.86,293.13
Trump,trump,293.13,293.36
right,right,293.36,293.54
now,now,293.54,293.71000000000004
Clearly,clearly,293.74,294.2
it's,it's,294.2,294.36
getting,getting,294.36,294.69
late,late,294.8,295.06
to,to,295.06,295.16
get,get,295.16,295.32000000000005
to,to,295.32,295.40999999999997
the,the,295.41,295.52000000000004
dance,dance,295.52,295.93
and,and,295.96,296.09
they,they,296.09,296.14
were,were,296.139999,296.249999
looking,looking,296.25,296.48
for,for,296.48,296.6
a,a,296.599999,296.64999900000004
dance,dance,296.65,296.96
partner,partner,296.96,297.41999999999996
and,and,297.44,297.63
Ted,ted,297.63,297.87
Cruz,cruz,297.87,298.18
was,was,298.179999,298.33999900000003
the,the,298.34,298.41999999999996
guy,guy,298.42,298.7
Yeah,yeah,298.71,298.77
why,why,298.77,298.99
Cruz,cruz,298.99,299.23
and,and,299.23,299.32
not,,,
Kasich,<unk>,299.46,299.84
though,though,299.84,299.94
Some,some,300.679999,300.859999
of,of,300.86,300.98
us,us,300.98,301.09000000000003
would,would,301.09,301.19
have,have,301.19,301.29
thought,thought,301.29,301.43
Kasich,<unk>,301.469999,301.689999
might,,,
fit,,,
this,,,
state,,,
better,,,
Right,,,
when,,,
you,,,
look,,,
at,,,
the,the,302.57,302.63
match,match,302.63,302.9
up,up,302.9,303.0
from,from,303.009999,303.179999
Kasich,<unk>,303.389999,303.699999
you,you,303.74,303.86
would,would,303.86,303.99
think,think,303.99,304.32
he,he,304.539999,304.76999900000004
would,would,304.77,304.97999999999996
match,match,304.98,305.29
what,what,305.309999,305.499999
the,the,305.5,305.58
conservative,conservative,305.58,306.10999999999996
brand,brand,306.109999,306.369999
would,would,306.369999,306.479999
be,be,306.49,306.61
in,in,306.61,306.72
Wisconsin,wisconsin,306.72,307.29
I,i,307.42,307.48
mean,mean,307.48,307.62
Wisconsin's,wisconsin's,307.64,308.09
pretty,pretty,308.09,308.28
conservative,conservative,308.28,308.71999999999997
right,right,308.72,308.86
now,now,308.86,308.90000000000003
They’ve,,,
got,got,308.96,309.08
the,the,309.08,309.15
conservative,conservative,309.15,309.57
governor,governor,309.61,309.89
got,got,309.89,310.02
a,a,310.02,310.03999999999996
conservative,conservative,310.04,310.6
legislature,legislature,310.6,311.19
they,they,311.2,311.33
control,control,311.33,311.63
both,both,311.63,311.84
houses,houses,311.84,312.2
And,and,312.4,312.64
they,they,312.64,312.7
have,have,312.7,312.81
a,a,312.81,312.84
conservative,conservative,312.84,313.34
high,high,313.34,313.52
court,court,313.52,313.78999999999996
He,he,313.91,314.19
got,got,314.19,314.4
the,the,314.4,314.48999999999995
backing,backing,314.5,314.84
Kasich,<unk>,314.849999,315.25999900000005
of,,,
the,the,315.28,315.39
former,former,315.389999,315.72999899999996
governor,governor,315.73,316.13
Tommy,tommy,316.25,316.54
Thompson,thompson,316.54,316.96000000000004
who,who,316.96,317.01
has,has,317.01,317.09999999999997
won,won,317.099999,317.289999
there,there,317.29,317.45000000000005
four,four,317.45,317.65999999999997
times,times,317.66,318.25
But,but,318.28,318.42999999999995
I,i,318.429999,318.499999
think,think,318.509999,318.679999
they,they,318.679999,318.819999
felt,felt,318.82,319.06
that,that,319.059999,319.239999
Cruz,cruz,319.24,319.98
when,when,319.99,320.15000000000003
they,they,320.15,320.22999999999996
were,were,320.23,320.36
looking,looking,320.36,320.54
at,at,320.54,320.56
the,the,320.57,320.67
difference,difference,320.67,320.99
between,between,320.99,321.27
Cruz,cruz,321.27,321.56
and,and,321.559999,321.639999
Kasich,<unk>,321.639999,322.029999
they,they,322.23,322.36
were,were,322.359999,322.479999
saying,saying,322.48,322.82
Who,who,322.93,323.33
can,can,323.369999,323.739999
beat,beat,323.75,323.97
Trump,trump,323.98,324.24
How,how,324.25,324.34
can,can,324.34,324.5
we,we,324.5,324.64
get,get,324.64,324.91999999999996
to,to,324.92,325.0
the,the,325.01,325.09
convention,convention,325.09,325.71
with,with,325.87,326.12
a,a,326.12,326.16
guy,guy,326.16,326.46000000000004
And,and,326.49,326.61
they,they,326.61,326.7
felt,felt,326.7,326.89
Ted,ted,326.9,327.06
Cruz,cruz,327.06,327.23
was,,,
the,,,
guy,guy,327.48,327.66
David,david,327.67,327.97
Brooks,brooks,327.97,328.21000000000004
what,what,328.21,328.29999999999995
do,do,328.3,328.35
you,you,328.35,328.44
most,most,328.44,328.7
likely,likely,328.7,329.21
think,,,
is,,,
going,,,
to,,,
happen,happen,329.82,330.14
now,now,330.14,330.5
Is,is,330.55,330.69
it,it,330.69,330.82
Trump,trump,330.83,331.18
Cruz,cruz,331.23,331.62
or,or,331.66,331.77000000000004
Paul,paul,331.77,331.96
Ryan,ryan,331.96,332.2
I,i,332.889999,332.989999
think,think,333.0,333.14
it's,it's,333.139999,333.269999
likely,likely,333.27,333.5
to,to,333.5,333.52
be,be,333.53,333.65999999999997
Trump,trump,333.679999,333.979999
I,i,333.98,334.05
think,think,334.059999,334.199999
he's,he's,334.2,334.36
the,the,334.36,334.45
walking,walking,334.45,334.78
dead,dead,334.78,335.03
I,i,335.03,335.08
think,think,335.08,335.27
he'll,he'll,335.27,335.4
get,get,335.4,335.54999999999995
the,the,335.55,335.63
nomination,nomination,335.63,336.37
and,and,336.49,336.78000000000003
he,he,336.78,336.9
will,will,336.9,337.02
just,just,337.02,337.19
go,go,337.19,337.3
down,down,337.299999,337.499999
to,to,337.5,337.6
a,a,337.599999,337.659999
crushing,crushing,337.66,338.07000000000005
defeat,defeat,338.07,338.45
And,and,338.799999,339.099999
will,will,339.099999,339.21999900000003
be,be,339.219999,339.35999899999996
known,known,339.36,339.65000000000003
for,for,339.77,339.90999999999997
a,a,339.91,339.94
hundred,hundred,339.94,340.27
years,years,340.27,340.46999999999997
from,from,340.46999900000003,340.599999
now,now,340.6,340.8
people,people,340.799999,341.02999900000003
will,will,341.029999,341.15999899999997
say,say,341.16,341.38000000000005
Who's,who's,341.389999,341.619999
the,the,341.619999,341.699999
biggest,biggest,341.699999,341.929999
loser,loser,341.93,342.16
in,in,342.16,342.25
American,american,342.26,342.53
politics,politics,342.53,343.17999999999995
And,and,343.6,343.81
it,,,
won't,won't,344.33,344.52
be,be,344.52,344.60999999999996
McGovern,mcgovern,344.61,345.09000000000003
it,,,
won't,,,
be,be,345.27,345.40999999999997
Dukakis,<unk>,345.41,345.88000000000005
the,the,345.91,346.01000000000005
word,word,346.01,346.19
Trump,trump,346.19,346.57
And,and,346.93,347.11
I,i,347.11,347.15000000000003
hope,hope,347.15,347.33
when,when,347.33,347.43
he's,he's,347.43,347.54
down,down,347.54,347.72
there,there,347.72,347.81
in,in,347.81,347.91
Hades,hades,347.91,348.23
he's,he's,348.23,348.49
aware,aware,348.55,348.83
of,of,348.84,348.90999999999997
all,all,348.91,349.16
that,,,
Wow,wow,349.26,349.55
Very,very,349.85,349.89
subtle,subtle,351.03000000000003,351.34000000000003
Very,,,
subtle,subtle,351.679999,351.939999
Why,why,352.469999,352.66999899999996
do,do,352.67,352.79
I,i,352.79,352.85
have,have,352.86,353.05
a,a,353.05,353.12
feeling,feeling,353.12,353.5
Mr,mr,355.33,355.65
Brooks,brooks,355.82,355.95
is,is,355.95,355.96999999999997
going,going,356.09,356.21999999999997
to,to,356.21999999999997,356.28
hear,hear,356.35999999999996,356.41999999999996
from,from,356.589999,356.759999
Mr,,,
Trump,trump,357.29,357.39000000000004
sometime,sometime,357.92,358.36
on,on,358.359999,358.45999900000004
social,social,358.459999,358.73999899999995
media,media,358.74,358.99
today,today,358.99,359.32
Anyway,anyway,359.33,359.77
with,with,359.940001,360.120001
that,that,360.119999,360.269999
we'll,we'll,360.27,360.43
take,take,360.43,360.59000000000003
a,a,360.59,360.64
pause,pause,360.64,360.96
When,when,360.97,361.11
we,we,361.11,361.21000000000004
come,come,361.21,361.4
back,back,361.4,361.76
down,down,362.08,362.43
ballot,ballot,362.43,362.71
blues,blues,362.71,363.15999999999997
We're,we're,363.17,363.24
going,going,363.24,363.33
to,to,363.33,363.37
stick,stick,363.37,363.58
with,with,363.58,363.71999999999997
Wisconsin,wisconsin,363.73,364.23
as,as,364.23,364.37
a,a,364.37,364.43
theme,theme,364.43,364.76
What,what,365.01,365.18
does,does,365.18,365.33
Donald,donald,365.34,365.64
Trump,trump,365.67,365.91
at,at,365.91,365.98
the,the,365.98,366.09000000000003
top,top,366.12,366.39
of,of,366.39,366.47999999999996
the,the,366.48,366.55
ticket,ticket,366.55,366.88
mean,mean,366.88,367.08
for,for,367.08,367.22999999999996
Republicans,republicans,367.23,367.94
further,further,368.16,368.53000000000003
down,down,368.559999,369.059999
We'll,we'll,369.49,369.59000000000003
be,be,369.59,369.65
right,right,369.65,369.81
back,back,369.809999,369.829999
