Welcome,welcome,1.18,1.3599999999999999
back,back,1.41,1.5
to,to,1.67,1.76
the,the,1.76,1.87
Republican,republican,1.87,2.33
presidential,presidential,2.37,2.91
here,here,3.5,3.88
in,in,3.88,4.04
North,north,4.04,4.21
Charleston,charleston,4.27,4.859999999999999
Right,right,5.02,5.25
back,back,5.25,5.43
to,to,5.43,5.529999999999999
the,the,5.53,5.63
questions,questions,5.72,6.17
applause,applause,6.17,6.22
Governor,governor,9.33,9.63
Christie,christie,9.63,10.13
we,we,10.219999,10.399999
have,have,10.4,10.48
spoken,spoken,10.55,10.99
much,much,10.99,11.46
about,about,11.49,11.88
cutting,cutting,11.98,12.46
spending,spending,12.48,13.05
given,given,13.73,13.99
the,the,13.99,14.08
19,<unk>,14.08,14.47
trillion,trillion,14.469999,14.839998999999999
debt,debt,15.12,15.44
But,but,16.119999,16.259999
according,according,16.26,16.580000000000002
to,to,16.58,16.7
one,one,16.699999,16.899998999999998
report,report,16.9,17.419999999999998
America,america,17.66,18.15
needs,needs,18.18,18.68
3,<unk>,18.69,19.27
6,<unk>,19.44,19.82
trillion,trillion,19.83,20.45
in,,,
infrastructure,infrastructure,21.08,21.83
spending,spending,21.83,22.34
by,by,22.39,22.55
2020,<unk>,22.57,23.32
Here,here,23.85,24.14
in,in,24.14,24.25
South,south,24.25,24.54
Carolina,carolina,24.54,25.15
11,,,
percent,percent,25.759999999999998,26.36
of,of,26.65,26.81
bridges,bridges,26.82,27.42
are,are,27.46,27.61
considered,considered,27.61,28.11
structurally,structurally,28.11,28.89
deficient,deficient,28.92,29.66
costing,costing,30.099999,30.529999
drivers,drivers,30.53,31.07
a,a,31.09,31.21
billion,billion,31.21,31.69
dollars,dollars,31.689999999999998,32.059999999999995
a,a,32.09,32.2
year,year,32.2,32.580000000000005
in,in,32.58,32.75
auto,auto,32.75,33.01
repairs,repairs,33.009999,33.699999
What,what,34.18,34.42
is,is,34.42,34.54
your,your,34.539999,34.689999
plan,plan,34.690000999999995,35.230000999999994
to,to,35.269999999999996,35.459999999999994
fix,fix,35.459998999999996,35.999998999999995
the,the,36.029999000000004,36.179999
ailing,ailing,36.21,36.64
roads,roads,36.65,36.97
and,,,
bridges,bridges,37.119999,37.469999
without,without,38.59,39.14
breaking,breaking,39.39,39.8
the,the,39.8,39.91
bank,bank,39.91,40.339999999999996
Well,well,40.45,40.63
I'm,i'm,40.96,41.12
glad,glad,41.12,41.3
you,you,41.3,41.379999999999995
asked,asked,41.38,41.57
that,,,
Maria,maria,41.63,41.89
Here's,here's,41.89,42.2
here's,here's,42.230000000000004,42.510000000000005
our,our,42.51,42.65
plan,plan,42.65,43.05
We've,we've,43.49,43.690000000000005
all,all,43.69,43.82
been,been,43.82,43.92
talking,talking,43.92,44.11
about,about,44.11,44.28
tax,tax,44.28,44.57
reforms,reforms,44.57,44.92
tonight,tonight,44.92,45.24
and,and,45.24,45.370000000000005
paying,paying,45.51,45.76
for,for,45.76,45.86
infrastructure,infrastructure,45.86,46.44
is,is,46.44,46.55
caught,caught,46.55,46.779999999999994
right,right,46.78,46.97
up,up,46.969999,47.079999
in,in,47.08,47.18
tax,tax,47.179999,47.479999
reform,reform,47.480000000000004,47.870000000000005
If,if,48.28,48.480000000000004
you,you,48.480000000000004,48.64
reform,reform,48.639999,48.999999
the,the,49.0,49.09
corporate,corporate,49.09,49.45
tax,tax,49.45,49.690000000000005
system,system,49.69,49.96
in,in,49.96,50.0
this,this,50.0,50.13
country,country,50.13,50.480000000000004
which,which,50.480000000000004,50.720000000000006
as,as,50.719999,50.849999000000004
was,was,50.849999,51.019999
mentioned,mentioned,51.019999999999996,51.33
before,before,51.33,51.64
is,,,
the,the,51.75,51.86
highest,highest,51.86,52.25
rate,rate,52.25,52.44
in,in,52.440000999999995,52.500001
the,the,52.5,52.59
world,world,52.59,52.92
and,and,53.440000999999995,53.63000099999999
we,we,53.629999,53.759999
double,double,53.760000000000005,54.07000000000001
tax,tax,54.07,54.53
as,as,54.51,54.66
you,you,54.66,54.809999999999995
know,know,54.81,55.07
And,and,55.35,55.47
what,what,55.47,55.61
that's,that's,55.61,55.82
led,led,55.82,56.04
to,to,56.04,56.23
over,over,56.23,56.47
2,<unk>,56.71,56.72
trillion,trillion,56.72,57.14
of,of,57.72,57.92
American,american,57.92,58.550000000000004
companies,companies,58.55,59.019999999999996
monies,monies,59.019999999999996,59.4
that,that,59.64,59.78
are,are,59.78,59.84
being,being,59.84,60.040000000000006
kept,kept,60.04,60.31
offshore,offshore,60.31,60.74
because,because,60.74,60.980000000000004
they,they,61.019999999999996,61.13999999999999
don't,don't,61.14,61.27
want,want,61.269999999999996,61.41
to,to,61.41,61.489999999999995
pay,pay,61.5,61.69
the,the,61.69,61.809999999999995
second,second,61.81,62.18
tax,tax,62.179999,62.649999
And,and,62.9,63.019999999999996
who,who,63.019999999999996,63.13999999999999
can,can,63.139999,63.279999000000004
blame,blame,63.28,63.59
them,them,63.59,63.730000000000004
They,they,64.34,64.5
pay,pay,64.5,64.72
tax,tax,64.77,65.08999999999999
once,once,65.09,65.35000000000001
overseas,overseas,65.349999,65.83999899999999
They,they,65.84,65.93
don't,don't,65.929999,66.049999
want,want,66.05,66.16
to,to,66.16,66.22999999999999
pay,pay,66.23,66.44
35,<unk>,66.78,67.22
percent,percent,67.25,67.63
tax,tax,67.65,67.97
on,on,67.969999,68.039999
the,the,68.03999999999999,68.13
way,way,68.13,68.31
back,back,68.309999,68.669999
So,so,68.86,69.34
beside,beside,69.389999,69.829999
reforming,reforming,69.83,70.35
that,that,70.35,70.52
tax,tax,70.52,70.78999999999999
code,,,
bringing,bringing,70.94999899999999,71.239999
it,it,71.24,71.36999999999999
down,down,71.369999,71.579999
to,to,71.58,71.69
25,<unk>,71.690001,72.170001
percent,percent,72.17,72.5
and,and,72.5,72.57
eliminating,eliminating,72.58,73.12
those,those,73.33,73.51
special,special,73.52,73.96
interest,interest,73.96,74.32
loopholes,loopholes,74.32,74.72999999999999
that,that,74.73,74.84
the,the,74.84,74.93
lobbyists,lobbyists,74.93,75.37
and,and,75.38,75.41
the,the,75.44,75.53999999999999
lawyers,lawyers,75.54,75.88000000000001
and,and,75.88,75.94
the,the,75.94,75.98
accountants,accountants,75.98,76.39
have,have,76.39,76.56
given,given,76.56,76.91
bring,bring,77.41,77.61
that,that,77.61,77.74
rate,rate,77.74,77.89999999999999
down,down,77.9,78.03
to,to,78.03,78.11
25,<unk>,78.11,78.45
percent,percent,78.45,78.8
but,but,78.8,79.00999999999999
also,also,79.01,79.47
a,a,79.67,79.76
one,one,79.76,80.07000000000001
time,time,80.09,80.34
repatriation,<unk>,80.34,81.33
of,of,81.58,81.78999999999999
that,that,81.78999999999999,81.94999999999999
money,money,81.95,82.19
Bring,bring,82.2,82.42
the,the,82.42,82.51
money,money,82.51,82.77000000000001
the,the,82.77,82.86999999999999
2,,,
trillion,trillion,83.09,83.44
back,back,83.46000000000001,83.97000000000001
to,to,84.03,84.13
the,the,84.13,84.19
United,united,84.19,84.46
States,states,84.46000000000001,84.77000000000001
We'll,we'll,84.98,85.17
tax,tax,85.17,85.5
it,it,85.5,85.61
that,that,85.61,85.77
one,one,85.77,85.92999999999999
time,time,85.929999,86.189999
at,at,86.19,86.28999999999999
8,<unk>,86.28999999999999,86.3
75,<unk>,86.47,86.89999999999999
percent,percent,87.07,87.52
because,because,88.029999,88.28999900000001
35,<unk>,88.299999,88.849999
percent,percent,88.85,89.27
of,,,
zero,zero,89.440001,89.970001
is,is,90.029999,90.14999900000001
zero,zero,90.16,90.67
but,but,90.89,91.04
8,<unk>,91.04,91.61
75,,,
percent,percent,91.61,91.92
of,,,
2,<unk>,92.12,92.13000000000001
trillion,trillion,92.13,92.47
is,is,92.47,92.58
a,a,92.58,92.64
lot,lot,92.64,92.83
of,,,
money,money,92.88,93.14999999999999
And,and,93.15,93.28
I,i,93.28,93.36
would,would,93.36,93.57
then,then,93.57,93.75999999999999
dedicate,dedicate,93.77,94.33999999999999
that,that,94.57,94.88
money,money,94.88,95.33
to,to,95.49,95.64
rebuilding,rebuilding,95.64,96.13
infrastructure,infrastructure,96.13,96.78
here,here,96.78,96.95
in,in,96.95,97.03
this,this,97.03,97.2
country,country,97.2,97.62
It,it,97.96,98.11
would,would,98.11,98.25
not,not,98.25,98.52
necessitate,necessitate,98.639999,98.999999
us,us,99.12,99.24000000000001
raising,raising,99.24,99.53999999999999
any,any,99.53999999999999,99.69
taxes,taxes,99.69,100.36
It,it,100.74,100.88
would,would,100.88,101.03
bring,bring,101.03999999999999,101.44999999999999
the,the,101.46000000000001,101.72000000000001
money,money,101.759999,102.049999
back,back,102.059999,102.339999
into,into,102.34,102.54
the,the,102.53999999999999,102.63999999999999
United,united,102.65,102.86
States,states,102.86,103.12
to,to,103.12,103.21000000000001
help,help,103.21000000000001,103.4
build,build,103.4,103.64
jobs,jobs,103.65,104.16000000000001
by,by,104.389999,104.579999
American,american,104.58,105.08
companies,companies,105.11,105.58
and,and,105.61,105.75
get,get,105.759999,105.97999899999999
our,our,106.0,106.29
economy,economy,106.299999,106.819999
moving,moving,106.82,107.19
again,again,107.190001,107.43000099999999
and,and,107.43,107.46000000000001
growing,growing,107.52,107.89999999999999
as,,,
a,,,
higher,higher,108.35,108.64
rate,rate,108.64,108.9
and,and,109.31,109.73
it,it,109.94,110.07
would,would,110.07,110.22999999999999
rebuild,rebuild,110.23,110.65
those,those,110.67,110.96000000000001
roads,roads,110.96,111.33
and,and,111.33,111.48
bridges,bridges,111.48,111.99000000000001
and,and,112.02,112.24
tunnels,tunnels,112.28,112.67
that,that,112.67,112.81
you,you,112.81,112.92
were,were,112.92,113.04
talking,talking,113.04,113.42
about,about,113.42,113.75
And,and,114.05,114.28
and,and,114.28,114.49
and,,,
the,the,114.61,114.69
last,last,114.69,114.95
piece,piece,114.98,115.2
of,of,115.2,115.29
this,this,115.29,115.46000000000001
Maria,maria,115.48,115.68
is,is,115.68,115.80000000000001
this,this,115.8,116.14999999999999
You,you,116.5,116.64
know,know,116.639999,116.849999
the,the,117.26,117.37
fact,fact,117.37,117.73
is,is,117.73,117.89
that,that,117.889999,118.03999900000001
this,this,118.03999999999999,118.24999999999999
president,president,118.26,118.78
has,has,118.95,119.17
penalized,penalized,119.21000000000001,119.89000000000001
corporations,corporations,119.92,120.62
in,in,120.62,120.74000000000001
America,america,120.74,121.19999999999999
He's,he's,121.36,121.71
penalized,penalized,121.73,122.54
and,and,122.62,122.75
doesn't,doesn't,122.75,122.92
understand,understand,122.92,123.33
In,,,
fact,,,
what,what,123.53,123.71000000000001
that,that,123.71000000000001,123.83000000000001
hurts,,,
is,is,124.289999,124.489999
hurt,hurt,124.51,124.9
hardworking,hardworking,125.139999,125.889999
taxpayers,taxpayers,126.13,126.67
You've,you've,127.13,127.41
seen,seen,127.41,127.63
middle,middle,127.64,127.92
class,class,127.92,128.31
wages,wages,128.31,128.66
go,go,128.66,128.89
backwards,backwards,128.92,129.54
3,<unk>,129.55,130.34
700,,,
during,during,130.97,131.16
the,the,131.16,131.28
Obama,<unk>,131.28,131.66
administration,administration,131.66,132.35999999999999
That's,that's,132.65,132.93
wrong,wrong,132.93,133.24
for,for,133.24,133.38
hardworking,hardworking,133.38,133.82999999999998
taxpayers,taxpayers,133.83,134.38000000000002
in,in,134.389999,134.42999899999998
this,this,134.429999,134.589999
country,country,134.59,134.96
We'd,we'd,135.09,135.36
rebuild,rebuild,135.36,135.74
infrastructure,infrastructure,135.74,136.23000000000002
that,that,136.23,136.35999999999999
would,would,136.36,136.48000000000002
also,also,136.48,136.76
create,create,136.76,137.1
jobs,jobs,137.099999,137.409999
in,in,137.429999,137.469999
this,this,137.469999,137.629999
country,country,137.63,138.0
and,and,138.139999,138.26999899999998
we'd,we'd,138.27,138.4
work,work,138.4,138.61
with,with,138.61,138.73000000000002
the,the,138.73,138.82999999999998
states,states,138.83,139.18
to,to,139.19,139.31
do,do,139.309999,139.449999
it,it,139.45,139.54999999999998
the,the,139.549999,139.63999900000002
right,right,139.639999,139.849999
way,way,139.849999,140.029999
to,to,140.03,140.06
do,do,140.07,140.20999999999998
it,it,140.21,140.27
more,more,140.28,140.47
efficiently,efficiently,140.469999,141.07999900000002
and,and,141.23,141.35
more,more,141.349999,141.509999
effectively,effectively,141.509999,142.069999
And,and,142.09,142.19
remember,remember,142.190001,142.42000099999998
this,this,142.42000000000002,142.76000000000002
I'm,i'm,142.969999,143.189999
credible,credible,143.190001,143.680001
on,on,143.68,143.83
this,this,143.82999999999998,143.98999999999998
for,for,143.99,144.12
this,this,144.119999,144.319999
reason,reason,144.32,144.67
Americans,americans,144.96,145.37
for,for,145.37,145.47
Tax,tax,145.47,145.78
Reform,reform,145.78,146.11
says,says,146.11,146.39000000000001
that,that,146.39,146.52999999999997
I've,i've,146.53,146.77
vetoed,vetoed,146.78,147.09
more,more,147.1,147.32999999999998
tax,tax,147.33,147.66000000000003
increases,increases,147.66,148.12
than,than,148.3,148.47
any,any,148.47,148.7
governor,governor,148.7,149.04
in,in,149.04,149.15
American,american,149.15,149.58
history,history,149.58,150.06
We,we,150.25,150.4
don't,don't,150.4,150.55
need,need,150.56,150.9
to,to,150.9,150.99
raise,raise,150.99,151.20000000000002
taxes,taxes,151.2,151.56
to,to,151.56,151.64000000000001
get,get,151.64,151.80999999999997
this,this,151.81,151.97
done,done,151.97,152.25
We,we,152.41,152.54999999999998
need,need,152.55,152.68
to,to,152.679999,152.769999
make,make,152.77,152.93
the,the,152.929999,153.00999900000002
government,government,153.01,153.29999999999998
run,run,153.3,153.5
smarter,smarter,153.5,154.0
and,and,154.0,154.17
better,better,154.179999,154.44999900000002
and,and,154.45,154.60999999999999
reform,reform,154.61,155.08
this,this,155.08,155.26000000000002
corporate,corporate,155.28,155.61
tax,tax,155.61,155.86
system,system,155.86,156.22000000000003
bring,bring,156.44,156.66
that,that,156.66,156.81
money,money,156.809999,157.069999
back,back,157.08,157.33
to,to,157.33,157.35000000000002
the,the,157.48,157.5
United,united,157.5,157.74
States,states,157.74,158.0
to,to,158.0,158.11
build,build,158.11,158.36
jobs,jobs,158.37,158.8
and,and,159.07,159.44
rebuild,rebuild,159.44,159.82999999999998
our,our,159.83,159.96
infrastructure,infrastructure,159.96,160.73000000000002
and,and,160.82,160.95
we,we,160.949999,161.01999899999998
need,need,161.02,161.15
to,to,161.15,161.17000000000002
use,use,161.18,161.4
it,it,161.4,161.52
also,also,161.52,161.95000000000002
to,to,162.129999,162.249999
protect,protect,162.26,162.66
our,our,162.66,162.78
grid,grid,162.78,163.08
from,from,163.09,163.26
terrorists,terrorists,163.27,164.0
All,all,164.11,164.38000000000002
of,,,
those,those,164.38,164.57
things,things,164.57,164.81
are,are,164.81,164.86
important,,,
and,,,
all,all,165.34,165.47
those,those,165.47,165.62
things,things,165.62,165.8
would,would,165.8,165.89000000000001
happen,happen,165.89,166.14
in,,,
a,,,
Christie,christie,166.27,166.59
administration,administration,166.59,167.11
Thank,thank,167.11,167.35000000000002
you,you,167.35,167.4
sir,sir,167.4,167.69
Dr,dr,168.43,168.68
Carson,carson,168.68,169.15
applause,applause,170.62,170.67000000000002
it,it,170.68,170.81
is,is,170.81,170.84
true,true,171.01,171.34
U,u,171.349999,171.54999899999999
S,s,171.55,171.67000000000002
companies,companies,171.67,172.13
have,have,172.13,172.38
2,<unk>,172.74,172.75
trillion,trillion,172.809999,173.319999
in,in,173.79,173.95999999999998
cash,cash,173.96,174.41
sitting,sitting,174.41,174.69
overseas,overseas,174.69,175.23
right,right,175.23,175.47
now,now,175.469999,175.799999
That,that,176.27,176.5
could,could,176.5,176.62
be,be,176.63,176.73
used,used,176.73,177.10999999999999
for,for,177.11,177.31
investment,investment,177.32,177.88
and,and,177.88,178.01999999999998
jobs,jobs,178.02,178.46
in,in,178.459999,178.559999
America,america,178.559999,179.309999
Also,also,179.51,180.07999999999998
several,several,180.48,180.92999999999998
companies,companies,180.93,181.49
right,right,181.49,181.79000000000002
now,now,181.79,182.1
are,are,182.12,182.25
pursuing,pursuing,182.25,182.76
mergers,mergers,182.76,183.35999999999999
to,to,183.39,183.51999999999998
move,move,183.52,183.89000000000001
their,their,183.9,184.13
corporate,corporate,184.18,184.55
headquarters,headquarters,184.55,185.28
abroad,abroad,185.35,185.94
and,and,186.26,186.42
take,take,186.42,186.6
advantage,advantage,186.6,187.07999999999998
of,of,187.12,187.28
much,much,187.31,187.7
lower,lower,187.7,187.94
taxes,taxes,187.94,188.55
What,what,189.0,189.31
will,will,189.309999,189.459999
you,you,189.46,189.75
do,do,189.75,190.1
to,to,190.13,190.31
stop,stop,190.309999,190.729999
the,the,190.78,190.91
flow,flow,190.91,191.19
of,of,191.19,191.32999999999998
companies,companies,191.33,191.85000000000002
building,building,191.849999,192.29999899999999
cash,cash,192.309999,192.779999
away,away,192.79,193.06
from,from,193.059999,193.239999
America,america,193.25,194.03
and,and,194.75,194.9
those,those,194.9,195.1
leaving,leaving,195.12,195.47
America,america,195.469999,195.819999
altogether,altogether,195.83,196.49
Well,well,197.09,197.43
I,i,198.0,198.26
would,would,198.26,198.59
suggest,suggest,198.869999,199.469999
a,a,199.53,199.77
fair,fair,199.78,200.17
tax,tax,200.17,200.51999999999998
system,system,200.52,201.01000000000002
and,and,201.3,201.48000000000002
that's,that's,201.48,201.70999999999998
what,what,201.71,201.88
we,we,201.9,202.12
have,have,202.12,202.34
proposed,proposed,202.34,203.05
A,a,203.38,203.57
flat,flat,203.59,204.07
tax,tax,204.08,204.71
for,for,205.37,205.72
everybody,everybody,205.72,206.45
no,no,206.71,207.0
exemptions,exemptions,207.0,207.79
no,no,208.04,208.4
deductions,deductions,208.4,209.22
no,no,209.429999,209.72999900000002
shelters,shelters,209.73,210.41
because,because,210.429999,210.78999900000002
some,some,210.799999,211.03999900000002
people,people,211.04,211.47
have,have,211.48,211.76
a,a,211.759999,211.839999
better,better,211.84,212.17000000000002
capability,capability,212.259999,212.999999
of,of,213.0,213.11
taking,taking,213.11,213.41000000000003
advantage,advantage,213.41,213.77
of,of,213.77,213.85000000000002
those,those,213.86,214.12
than,than,214.49,214.65
others,others,214.68,215.12
You,you,215.709999,215.839999
know,know,215.84,216.18
and,and,216.42,216.79
then,then,216.79,217.09
the,the,217.16,217.35999999999999
other,other,217.36,217.58
thing,thing,217.58,217.81
we,we,217.81,217.89000000000001
have,have,217.89,218.01
to,to,218.01,218.10999999999999
do,do,218.13,218.26
is,is,218.31,218.43
stop,stop,218.44,218.85
spending,spending,218.85,219.39
so,so,219.39,219.54999999999998
much,much,219.55,219.78
money,money,219.78,220.15
You,you,221.12,221.28
know,know,221.28,221.47
I,i,221.47,221.79
my,my,221.85,222.07
my,my,222.13,222.34
mother,mother,222.34,222.73
taught,taught,222.77,223.06
me,me,223.06,223.25
this,this,223.25,223.72
You,you,224.07,224.19
know,know,224.19,224.32999999999998
she,she,224.33,224.51000000000002
only,only,224.51,224.67999999999998
had,had,224.679999,224.819999
a,a,224.82,224.88
third,third,224.88,225.15
grade,grade,225.15,225.32
education,education,225.32,226.07
but,but,226.5,226.86
you,you,227.08,227.20000000000002
know,know,227.2,227.32999999999998
she,she,227.33,227.55
knew,knew,227.55,227.71
how,how,227.719999,227.879999
to,to,227.88,227.99
stretch,stretch,228.0,228.51
a,a,228.53,228.61
dollar,dollar,228.61,229.01000000000002
I,i,229.04,229.1
mean,mean,229.099999,229.259999
she,she,229.259999,229.419999
would,would,229.42,229.57
drive,drive,229.58,229.94000000000003
a,a,229.94,230.01
car,car,230.009999,230.449999
until,until,230.63,230.92
it,it,230.92,230.95999999999998
wouldn't,wouldn't,230.98,231.2
make,make,231.2,231.44
a,a,231.44,231.51
sound,sound,231.52,231.95000000000002
and,and,232.09,232.24
then,then,232.24,232.36
gather,gather,232.359999,232.70999899999998
up,up,232.709999,232.849999
all,all,232.85,232.98999999999998
her,her,232.99,233.14000000000001
coins,coins,233.139999,233.499999
and,and,233.5,233.64
buy,buy,233.639999,233.819999
a,a,233.82,233.85999999999999
new,new,233.859999,234.05999899999998
car,car,234.059999,234.41999900000002
In,in,235.09,235.32
fact,fact,235.32,235.66
if,if,235.66,235.78
my,my,235.78,235.91
mother,mother,235.91,236.15
were,were,236.15,236.29
secretary,secretary,236.29,236.7
of,,,
treasury,treasury,236.71,237.22
we,we,237.22,237.33
would,would,237.33,237.49
not,not,237.49,237.75
be,be,237.75,237.96
in,in,237.97,238.13
a,a,238.13,238.19
deficit,deficit,238.19,238.64
situation,situation,238.64,239.39999999999998
But,but,239.47,239.69
laughter,laughter,240.52,240.57
you,you,240.57,240.59
know,,,
the,,,
the,the,240.79,240.92
the,the,241.14,241.26
fact,fact,241.26,241.63
of,of,241.63,241.72
the,the,241.72,241.79
matter,matter,241.79,242.2
is,is,242.2,242.63
you,you,243.01,243.14999999999998
know,know,243.15,243.39000000000001
if,if,243.49,243.84
we,we,243.84,244.0
fix,fix,244.0,244.32
the,the,244.32,244.39
taxation,taxation,244.389999,245.099999
system,system,245.099999,245.509999
make,make,245.509999,245.719999
it,it,245.719999,245.819999
absolutely,absolutely,245.84,246.44
fair,fair,246.44,246.78
and,and,246.82,247.01999999999998
get,get,247.03,247.24
rid,rid,247.24,247.39000000000001
of,of,247.389999,247.52999899999998
the,the,247.87999899999997,248.03999899999997
incredible,incredible,248.36,249.5
regulations,regulations,250.049999,250.899999
because,because,250.949999,251.259999
every,every,251.289999,251.569999
regulation,regulation,251.57,252.4
is,is,252.79,253.13
a,a,253.17000000000002,253.35000000000002
tax,tax,253.35,254.07
it's,it's,254.45,254.7
a,a,255.11,255.3
on,on,255.34,255.57
goods,goods,255.59,255.87
and,and,255.87,256.03000000000003
services,services,256.03,256.73999999999995
And,and,257.04,257.31
it's,it's,257.31,257.47
the,the,257.47,257.57000000000005
most,most,257.58,257.83
regressive,<unk>,257.83,258.35999999999996
tax,tax,258.41,258.77000000000004
there,there,258.88,259.09
is,is,259.09,259.47999999999996
You,you,259.66,259.79
know,know,259.79,259.92
when,when,259.92,260.05
you,you,260.05,260.18
go,go,260.179999,260.329999
into,into,260.33,260.53999999999996
the,the,260.54,260.66
store,store,260.66,261.05
and,and,261.059999,261.129999
buy,buy,261.13,261.32
a,a,261.32,261.39
box,box,261.389999,261.819999
of,of,261.82,262.08
laundry,laundry,262.28,262.65
detergent,detergent,262.65,263.15
and,and,263.15,263.17999999999995
the,the,263.29999999999995,263.35999999999996
price,price,263.37999999999994,263.65999999999997
has,has,263.65999999999997,263.81999999999994
up,up,264.16,264.37
you,you,264.61,264.73
know,know,264.73,264.88
50,<unk>,264.889999,265.249999
cents,cents,265.27,265.53999999999996
because,because,265.54,265.8
of,of,265.799999,265.869999
regulations,regulations,265.87,266.62
a,a,266.799999,266.909999
poor,poor,266.91,267.16
person,person,267.16,267.57000000000005
notices,notices,267.57,268.09
that,that,268.09,268.28
A,a,268.279999,268.34999899999997
rich,rich,268.35,268.55
person,person,268.549999,268.89999900000004
does,does,268.9,269.13
not,not,269.129999,269.399999
Middle,middle,269.58,269.84
class,class,269.84,270.16999999999996
may,may,270.17,270.34000000000003
notice,notice,270.34,270.65
it,it,270.65,270.72999999999996
when,when,270.75,270.91
they,they,270.91,271.03000000000003
get,get,271.03,271.21
to,to,271.21,271.29999999999995
the,the,271.3,271.40000000000003
cash,cash,271.4,271.71999999999997
register,register,271.72,272.13000000000005
And,and,272.13,272.27
everything,everything,272.27,272.78999999999996
is,is,272.97,273.17
costing,costing,273.17,273.66
more,more,273.66,273.88000000000005
money,money,273.88,274.21
and,and,274.41,274.63000000000005
we,we,274.63,274.85
are,are,274.85,275.01000000000005
killing,killing,275.01,275.62
our,our,275.67,275.89000000000004
our,our,276.08,276.32
our,our,276.38,276.63
people,people,276.67,277.1
like,like,277.1,277.35
this,this,277.35,277.64000000000004
And,and,277.83,278.03
Bernie,bernie,278.03,278.35999999999996
Sanders,sanders,278.36,278.87
and,and,278.87,279.0
Hillary,hillary,279.0,279.31
Clinton,clinton,279.309999,279.689999
will,will,279.69,279.83
say,say,279.83,280.13
it's,it's,280.25,280.49
those,those,280.51,280.73
evil,evil,280.74,281.06
rich,rich,281.059999,281.319999
people,people,281.32,281.73
It's,it's,281.74,281.83
not,not,281.83,282.0
the,the,282.0,282.05
evil,evil,282.059999,282.379999
rich,rich,282.38,282.58
people,people,282.58,283.0
It's,it's,283.15,283.4
the,the,283.4,283.53
evil,evil,283.54,283.89000000000004
government,government,283.91,284.43
that,that,284.57,284.76
is,is,284.759999,284.949999
that,that,285.0,285.24
is,is,285.24,285.36
putting,putting,285.36,285.64
all,all,285.639999,285.78999899999997
these,these,285.79,285.98
regulations,regulations,285.98,286.69
on,on,286.690001,286.850001
us,us,286.85,286.95000000000005
so,so,287.01,287.13
that,that,287.28,287.31
we,we,287.31,287.38
can't,can't,287.38,287.63
survive,survive,288.15,288.57
applause,applause,289.63,289.68
Thank,thank,289.68,289.89
you,you,289.89,289.90999999999997
sir,,,
Senator,,,
Rubio,,,
Maria,maria,291.2,291.47999999999996
Maria,maria,292.36,292.67
what,what,292.67,292.81
you,you,292.82,293.02
were,were,293.02,293.22999999999996
talking,talking,293.25,293.56
about,about,293.56,293.86
just,just,293.86,294.08000000000004
now,now,294.09,294.2
is,is,294.2,294.32
called,called,294.32,294.52
corporate,corporate,294.55,294.93
inversion,inversion,294.93,295.49
It's,,,
one,one,295.68,295.83
of,of,295.83,295.91999999999996
the,the,295.92,296.01
biggest,biggest,296.02,296.41999999999996
problems,problems,296.42,297.0
our,our,297.0,297.14
country,country,297.139999,297.519999
has,has,297.52,298.04999999999995
Right,right,298.139999,298.489999
now,now,298.49,298.79
corporations,corporations,298.82,299.67
by,by,299.67,299.93
the,the,299.96,300.18
thousands,thousands,300.2,301.11
are,are,301.24,301.38
thinking,thinking,301.4,301.69
of,of,301.69,301.82
leaving,leaving,301.849999,302.51999900000004
our,our,302.77,303.06
country,country,303.059999,303.609999
with,with,304.109999,304.299999
the,the,304.299999,304.389999
jobs,jobs,304.389999,304.91999899999996
leave,leave,304.940001,305.350001
them,them,305.35,305.54
behind,behind,305.539999,306.08999900000003
They're,they're,306.109999,306.289999
leaving,leaving,306.32,306.65999999999997
because,because,306.67,306.92
of,of,306.93,307.06
taxes,taxes,307.06,307.48
but,but,307.48,307.64000000000004
they,they,307.64,307.69
are,are,307.69,307.78
also,also,307.78,308.14
leaving,leaving,308.14,308.36
because,because,308.36,308.54
they,they,308.54,308.66
can't,can't,308.66,308.90000000000003
get,get,308.9,309.06
their,their,309.06,309.19
money,money,309.19,309.43
back,back,309.44,309.71
and,and,310.02,310.19
everybody,everybody,310.19,310.64
agrees,agrees,310.64,310.90999999999997
Democrats,democrats,310.91,311.36
and,and,311.46000000000004,311.49
Republicans,republicans,311.49,312.05
that,that,312.05,312.11
is,,,
should,should,312.28,312.48999999999995
come,come,312.49,312.64
back,back,312.65,312.89
in,in,312.89,313.09
But,but,313.31,313.54
they,they,313.55,313.71000000000004
can't,can't,313.71,314.03999999999996
get,get,314.04,314.19
along,along,314.19,314.54
They,they,314.55,314.68
can't,can't,314.679999,314.96999900000003
even,even,314.98,315.40000000000003
make,make,315.55,315.8
a,a,315.8,315.85
deal,deal,315.849999,315.96999900000003
Here,,,
is,,,
the,,,
case,case,316.24,316.48
they,they,316.48,316.6
both,both,316.599999,316.859999
agree,agree,316.86,317.27000000000004
they,they,317.62,317.79
can't,can't,317.79,318.02000000000004
make,make,318.03,318.21999999999997
a,a,318.219999,318.28999899999997
deal,deal,318.29,318.59000000000003
We,we,318.809999,319.02999900000003
have,have,319.03,319.27
to,to,319.27,319.39
do,do,319.389999,319.569999
something,something,319.57,319.98
Corporate,corporate,320.0,320.34
inversion,inversion,320.34,320.83
is,is,320.849999,320.999999
one,one,321.0,321.14
of,of,321.139999,321.22999899999996
the,the,321.23,321.29
biggest,biggest,321.29,321.92
problems,problems,322.0,322.65
we,we,322.73,323.11
have,have,323.190001,323.510001
So,so,323.71999900000003,324.109999
many,many,324.109999,324.379999
companies,companies,324.4,324.88
are,are,324.9,324.97999999999996
going,going,324.98,325.19
to,to,325.19,325.31
leave,leave,325.31,325.71
our,our,325.78,326.19
country,country,326.22,326.66
Which,which,326.67,326.89000000000004
is,is,326.89,327.01
why,why,327.01,327.15999999999997
we,we,327.16,327.31
raised,raised,327.31,327.58
it,it,327.58,327.78
Senator,senator,327.81,328.09
Rubio,<unk>,328.09,328.15999999999997
Thank,thank,328.83,329.07
you,you,329.07,329.15
Mr,mr,329.15,329.34999999999997
Trump,trump,329.36,329.67
Thank,thank,329.68,329.92
you,you,329.92,330.05
One,one,330.19,330.46
of,of,330.46,330.54999999999995
the,the,330.55,330.61
biggest,biggest,330.61,330.94
fiscal,fiscal,330.94,331.35
challenges,challenges,331.35,331.90000000000003
is,is,333.3,333.39
our,our,333.389999,333.53999899999997
entitlement,entitlement,333.54,334.01000000000005
programs,programs,334.01,334.67
particularly,particularly,334.94,335.66
Social,social,335.66,336.0
Security,security,336.0,336.59
and,and,336.639999,336.769999
Medicare,medicare,336.77,337.31
What,what,338.219999,338.459999
policies,policies,338.46,339.03
will,will,339.03,339.14
you,you,339.139999,339.309999
put,put,339.309999,339.519999
forward,forward,339.52,339.96999999999997
to,to,340.18,340.31
make,make,340.309999,340.519999
sure,sure,340.52,340.81
these,these,340.809999,341.099999
programs,programs,341.109999,341.819999
are,are,341.96999900000003,342.08999900000003
more,more,342.09,342.39
financially,financially,342.42,343.0
secure,secure,343.01,343.52
Well,well,343.77,343.9
first,first,343.9,344.16999999999996
let,let,344.17,344.28000000000003
me,me,344.28,344.39
address,address,344.39,344.69
the,the,344.69,344.79
tax,tax,344.79,345.13
issue,issue,345.13,345.34
because,because,345.34,345.46999999999997
it's,it's,345.47,345.64000000000004
related,related,345.64,346.03999999999996
to,to,346.04,346.13
the,the,346.13,346.21
entitlement,entitlement,346.21,346.81
issue,issue,346.81,347.05
and,and,347.05,347.14
I,i,347.14,347.21999999999997
want,want,347.22,347.35
to,to,347.35,347.42
thank,thank,347.42,347.66
you,you,347.66,347.78000000000003
for,for,347.78,347.9
holding,holding,347.9,348.2
a,a,348.2,348.25
substantive,substantive,348.26,348.83
debates,debates,348.83,349.13
where,where,349.15,349.22999999999996
we,we,349.23,349.37
can,can,349.37,349.51
have,have,349.51,349.67
debates,debates,349.67,350.0
about,about,350.0,350.22
these,these,350.22,350.39000000000004
key,key,350.389999,350.59999899999997
issues,issues,350.599999,350.95999900000004
on,on,350.96,351.09
taxes,taxes,351.09,351.60999999999996
applause,,,
Here,,,
is,,,
the,the,352.25,352.34
one,one,352.34,352.52
thing,thing,352.52,352.78999999999996
I'm,i'm,353.599999,353.749999
not,not,353.75,353.9
going,going,353.9,354.02
to,to,354.02,354.09
do,do,354.09,354.31
I'm,i'm,354.73,354.90000000000003
not,not,354.9,355.07
going,going,355.07,355.15999999999997
to,to,355.16,355.20000000000005
have,have,355.21,355.41999999999996
something,something,355.42,355.77000000000004
that,that,355.77,355.93
Ted,ted,355.98,356.21000000000004
described,described,356.23,356.68
in,in,356.679999,356.739999
his,,,
tax,tax,356.929999,357.199999
plan,plan,357.2,357.38
It's,it's,357.38,357.5
called,called,357.5,357.71
the,the,357.71,357.77
value,value,357.77,358.08
added,added,358.46999900000003,358.62999900000005
tax,tax,358.70999900000004,359.12999900000005
And,and,359.36999900000006,359.39999900000004
it's,it's,359.39999900000004,359.42999900000007
a,a,359.6,359.67
tax,tax,359.67,359.98
you,you,359.98,360.06
find,find,360.059999,360.329999
in,in,360.33,360.41999999999996
many,many,360.42,360.64000000000004
companies,companies,360.64,361.03999999999996
in,in,361.04,361.12
Europe,europe,361.12,361.59000000000003
Where,where,361.83,362.01
basically,basically,362.02,362.46999999999997
businesses,businesses,362.47,362.98
now,now,362.98,363.19
will,will,363.19,363.31
have,have,363.31,363.46
to,to,363.46,363.54999999999995
pay,pay,363.55,363.74
a,a,363.74,363.79
tax,tax,363.79,364.17
both,both,364.17,364.41
on,on,364.41,364.51000000000005
the,the,364.51,364.59999999999997
money,money,364.6,364.84000000000003
they,they,364.84,364.98999999999995
make,make,364.99,365.43
but,but,365.64,365.81
they,they,365.81,365.91
also,also,365.91,366.17
have,have,366.17,366.29
to,to,366.29,366.39000000000004
pay,pay,366.39,366.57
taxes,taxes,366.57,366.96999999999997
on,on,366.97,367.05
the,the,367.05,367.13
money,money,367.13,367.4
that,,,
they,they,367.4,367.54999999999995
pay,pay,367.55,367.75
their,their,367.75,367.85
employees,employees,367.85,368.56
And,and,368.9,369.09
that's,that's,369.09,369.26
why,why,369.26,369.38
they,they,369.38,369.49
have,have,369.5,369.73
it,it,369.73,369.81
in,in,369.809999,369.909999
Europe,europe,369.91,370.13000000000005
because,because,370.139999,370.379999
it,,,
is,,,
a,a,370.559999,370.629999
way,way,370.63,370.82
to,to,370.82,370.90999999999997
blindfolded,,,
the,the,371.46,371.53999999999996
people,people,371.54,371.85
that's,that's,371.849999,372.02999900000003
what,what,372.03,372.15
Ronald,ronald,372.15,372.45
Reagan,reagan,372.45,372.72999999999996
said,said,372.73,373.05
Ronald,ronald,373.38,373.76
Regan,,,
opposed,opposed,374.11,374.44
the,the,374.44,374.51
value,value,374.67,374.73
tax,tax,374.77,375.08
because,because,375.27,375.43
he,,,
said,,,
it,,,
was,was,375.82,375.96
a,a,375.96,376.03999999999996
way,way,376.039999,376.25999900000005
to,to,376.26,376.36
blindfold,blindfold,376.359999,376.96999900000003
the,the,376.96999900000003,377.049999
people,people,377.049999,377.489999
so,so,377.57,377.81
the,the,377.809999,377.919999
true,true,377.92,378.16
cost,cost,378.190001,378.490001
of,of,378.49,378.61
government,government,378.61,378.98
was,was,379.0,379.19
not,not,379.19,379.38
there,there,379.38,379.57
there,,,
for,for,379.57,379.69
them,them,379.69,379.96
Now,now,380.3,380.43
you,you,381.36,381.58000000000004
can,can,381.58,381.72999999999996
support,support,381.73,382.11
one,one,382.11,382.28000000000003
now,now,382.28,382.47999999999996
that's,that's,382.48,382.64000000000004
very,very,382.64,382.91999999999996
low,low,382.92,383.16
But,but,383.16,383.32000000000005
what,what,383.32,383.51
is,is,383.51,383.63
to,to,383.63,383.74
prevent,prevent,383.74,384.09000000000003
a,a,384.1,384.22
future,future,384.22,384.67
liberal,liberal,384.67,385.02000000000004
president,president,385.02,385.46999999999997
or,or,385.49,385.57
a,a,385.57,385.59999999999997
liberal,liberal,385.6,385.98
Congress,congress,385.98,386.49
from,from,386.71,386.91999999999996
coming,coming,386.92,387.24
back,back,387.24,387.5
and,and,387.5,387.65
not,not,387.65,387.84
just,just,387.84,388.03
raising,raising,388.03,388.30999999999995
the,the,388.309999,388.439999
income,income,388.44,388.76
tax,tax,388.76,389.31
but,but,389.36,389.53000000000003
also,also,389.53,389.83
raising,raising,389.83,390.19
that,that,390.19,390.35
VAT,vat,390.349999,390.629999
tax,tax,390.63,391.07
and,and,391.25,391.43
that,that,391.429999,391.58999900000003
vat,vat,391.59,391.84999999999997
tax,tax,391.849999,392.129999
is,is,392.13,392.27
really,really,392.27,392.52
bad,bad,392.52,392.75
for,for,392.77,392.93
seniors,seniors,392.929999,393.539999
Because,because,393.96,394.25
seniors,seniors,394.25,394.73
if,,,
they,,,
are,are,395.029999,395.079999
retired,retired,395.08,395.58
are,,,
no,,,
longer,longer,395.869999,396.169999
earning,earning,396.54,396.94
an,an,396.94,397.03
income,income,397.03,397.39
from,from,397.39,397.53
a,a,397.53,397.58
job,job,397.58,398.05
And,and,398.3,398.48
therefore,therefore,398.48,398.87
they,they,398.87,399.0
don't,don't,399.0,399.17
get,get,399.17,399.34000000000003
the,the,399.34,399.47999999999996
income,income,399.48,399.79
tax,tax,399.79,400.1
break,break,400.1,400.5
but,but,400.69,400.89
their,their,400.89,401.01
prices,prices,401.01,401.46999999999997
are,are,401.47,401.54
going,going,401.54,401.66
to,to,401.66,401.71000000000004
be,be,401.72,401.85
higher,higher,401.85,402.23
because,because,402.41,402.68
the,the,402.69,402.79
vat,vat,402.79,403.08000000000004
tax,tax,403.08,403.38
is,is,403.38,403.49
embedded,embedded,403.49,403.90000000000003
in,in,403.9,404.03999999999996
both,both,404.04,404.24
the,the,404.25,404.35
prices,prices,404.349999,404.849999
that,,,
business,,,
that,,,
are,are,405.5,405.58
charging,charging,405.58,406.08
and,and,406.24,406.39
in,in,406.389999,406.459999
the,the,406.46,406.54999999999995
wages,wages,406.55,406.94
they,they,406.94,407.09
pay,pay,407.09,407.29999999999995
their,their,407.3,407.41
employees,employees,407.41,408.02000000000004
When,when,408.23,408.43
I,i,408.429999,408.539999
am,am,408.54,408.65000000000003
president,president,408.66,409.0
of,,,
the,the,409.07,409.14
United,united,409.139999,409.40999899999997
States,states,409.41,409.70000000000005
I'm,i'm,409.719999,409.90999899999997
going,going,409.91,410.01000000000005
to,,,
side,side,410.08,410.33
with,with,410.33,410.40999999999997
Ronald,ronald,410.41,410.65000000000003
Regan,regan,410.66,410.99
on,on,410.99,411.11
this,this,411.11,411.34000000000003
and,and,411.37,411.54
not,not,411.54,411.71000000000004
Nancy,nancy,411.71,412.03999999999996
Pelosi,pelosi,412.039999,412.57999900000004
and,and,412.76,412.94
we,we,412.940001,413.100001
are,are,413.1,413.17
not,not,413.17,413.40000000000003
having,having,413.41,413.73
a,a,413.73,413.76
vat,vat,413.76,414.03
tax,tax,414.029999,414.519999
applause,applause,415.29999899999996,415.34999899999997
Thank,thank,415.34999899999997,415.54999899999996
you,you,415.54999899999996,415.589999
senator,,,
Maria,maria,416.69,417.11
I,,,
assume,,,
that,,,
I,,,
can,,,
respond,,,
to,,,
that,,,
Senator,,,
Cruz,,,
yes,yes,418.51,418.78
You,you,419.51,419.53
were,were,419.53,419.57
meant,,,
to,,,
Yes,yes,419.74,420.0
of,of,420.0,420.1
course,course,420.1,420.42
Well,well,421.01,421.31
Marco,marco,421.33,421.76
has,has,421.76,421.95
been,been,421.95,422.15
floating,floating,422.15,422.51
this,this,422.51,422.84
attack,attack,422.88,423.31
for,for,423.32,423.45
a,a,423.45,423.51
few,few,423.51,423.65999999999997
weeks,weeks,423.66,423.98
now,now,423.98,424.38
but,but,424.76,424.89
the,the,424.889999,424.959999
problem,problem,424.96,425.38
is,is,425.38,425.78
the,the,425.82,425.93
business,business,425.929999,426.259999
flat,flat,426.259999,426.53999899999997
tax,tax,426.54,426.87
in,in,426.87,426.98
my,my,426.98,427.12
proposal,proposal,427.12,427.69
is,is,427.69,427.84
not,not,427.84,428.38
a,a,428.69,428.83
vat,vat,428.83,429.21
A,a,429.219999,429.389999
vat,vat,429.389999,429.84999899999997
is,is,429.86,430.03000000000003
imposed,imposed,430.029999,430.719999
as,as,430.940001,431.100001
a,a,431.1,431.22
sales,sales,431.23,431.63
tax,tax,431.629999,431.959999
when,when,431.959999,432.089999
you,you,432.09,432.22999999999996
buy,buy,432.23,432.46000000000004
a,a,432.46,432.53999999999996
good,good,432.54,432.87
This,this,432.889999,433.079999
is,is,433.09,433.22999999999996
a,a,433.23,433.36
business,business,433.39,433.99
flat,flat,434.0,434.38
tax,tax,434.38,434.88
It,it,435.06,435.25
is,is,435.25,435.39
imposed,imposed,435.39,436.05
on,on,436.05,436.27000000000004
business,business,436.27,436.69
and,and,437.38,437.42
a,a,437.42,437.43
critical,critical,437.6,438.04
piece,piece,438.04,438.37
that,that,438.37,438.51
Marco,marco,438.51,438.82
seems,seems,438.82,439.08
to,to,439.08,439.15
be,be,439.16,439.29
missing,missing,439.29,439.78000000000003
is,is,440.389999,440.649999
that,that,440.65,440.82
this,this,440.83,441.15999999999997
16,<unk>,441.17,441.72
percent,percent,441.719999,442.149999
business,business,442.15,442.56
flat,flat,442.559999,442.909999
tax,tax,442.91,443.28000000000003
enables,enables,443.349999,443.81999900000005
us,us,443.82,444.05
to,to,444.08,444.25
eliminate,eliminate,444.25,445.1
the,the,445.29,445.42
corporate,corporate,445.42,445.79
income,income,445.79,446.1
tax,tax,446.099999,446.38999900000005
It,it,446.389999,446.529999
goes,goes,446.53,446.77
away,away,446.77,447.22999999999996
It,it,447.48,447.67
enables,enables,447.67,448.14000000000004
us,us,448.139999,448.339999
to,to,448.34,448.5
eliminate,eliminate,448.5,449.18
the,the,449.18,449.29
death,death,449.289999,449.689999
tax,tax,449.690001,450.020001
If,if,450.02,450.15999999999997
you're,you're,450.16,450.36
a,a,450.359999,450.429999
farmer,farmer,450.43,450.86
if,if,450.86,450.96000000000004
you're,you're,450.96,451.2
a,a,451.2,451.27
rancher,rancher,451.27,451.65
if,if,451.65,451.71999999999997
you,,,
are,,,
small,small,451.96,452.23999999999995
business,business,452.24,452.66
owner,owner,452.66,452.96000000000004
the,the,453.16,453.28000000000003
death,death,453.28,453.52
tax,tax,453.52,453.87
is,is,453.87,454.01
gone,gone,454.01,454.38
We,we,454.38,454.5
eliminate,eliminate,454.5,455.17
the,the,455.37,455.54
payroll,payroll,455.56,456.11
tax,tax,456.11,456.47
we,we,456.47,456.64000000000004
eliminate,eliminate,456.64,457.16999999999996
the,the,457.19,457.35
Obamacare,<unk>,457.35,457.64000000000004
taxes,taxes,458.07,458.69
And,and,459.139999,459.329999
listen,listen,459.33,459.59999999999997
there,there,459.599999,459.689999
is,is,459.69,459.75
a,a,459.75,459.82
real,real,459.82,460.02
difference,difference,460.02,460.4
between,between,460.4,460.66999999999996
Marco's,<unk>,460.67,460.68
tax,tax,461.12,461.41
plan,plan,461.41,461.66
and,and,461.66,461.77000000000004
mine,mine,461.77,462.18
Mine,mine,462.77,463.34999999999997
gives,gives,463.36,463.63
every,every,463.63,463.92
American,american,463.92,464.48
a,a,464.48,464.58000000000004
simple,simple,464.599999,465.21999900000003
flat,flat,465.339999,465.779999
tax,tax,465.78,466.16999999999996
of,,,
10,,,
percent,percent,466.699999,467.329999
Marco's,<unk>,467.98,467.99
top,top,468.45,468.7
tax,tax,468.7,469.03
rate,rate,469.03,469.21999999999997
is,is,469.22,469.31
35,<unk>,469.33,469.89
percent,percent,469.92,470.47
My,my,471.19,471.48
tax,tax,471.48,471.87
plan,plan,471.87,472.16
enables,enables,472.16,472.58000000000004
you,you,472.58,472.69
to,to,472.69,472.79
fill,fill,472.79,473.09000000000003
out,out,473.09,473.28999999999996
your,your,473.29,473.47
taxes,taxes,473.48,473.99
on,on,473.99,474.1
a,a,474.1,474.19
postcard,postcard,474.2,475.07
so,so,475.6,475.8
we,we,475.8,475.95
can,can,475.95,476.09
abolish,abolish,476.09,476.71
the,the,476.73,476.91
IRS,<unk>,476.91,477.52000000000004
Marco,marco,477.58,478.06
leaves,leaves,478.059999,478.799999
the,the,478.84,479.0
IRS,,,
code,code,479.55,479.81
in,in,479.809999,479.999999
with,with,480.0,480.19
all,all,480.2,480.57
of,of,480.57,480.7
the,the,480.7,480.78
complexity,complexity,480.78,481.59
We,we,481.78,482.03
need,need,482.03,482.2
to,to,482.2,482.32
break,break,482.34,482.84
the,the,482.889999,483.03999899999997
Washington,washington,483.04,483.69
cartel,cartel,483.719999,484.439999
and,and,484.57,484.75
the,the,484.75,484.83
only,only,484.83,485.09
way,way,485.09,485.26
to,to,485.26,485.36
do,do,485.359999,485.569999
it,it,485.57,485.68
is,is,485.68,485.79
to,,,
end,,,
all,all,485.99,486.21000000000004
the,the,486.209999,486.319999
subsidies,subsidies,486.33,486.87
and,and,486.87,486.98
all,all,486.99,487.2
bell,,,
rings,,,
the,the,487.2,487.28999999999996
mandates,mandates,487.3,487.85
and,and,488.05,488.19
have,have,488.2,488.40999999999997
a,a,488.41,488.5
simple,simple,488.51,488.86
flat,flat,488.86,489.12
tax,tax,489.28,489.39
The,the,489.45,489.56
final,final,489.56,489.94
observation,observation,489.94,490.61
invoked,<unk>,491.67,491.75
Ronald,ronald,491.75,492.06
Reagan,reagan,492.06,492.44
I,i,493.18,493.33
would,would,493.33,493.52
note,note,493.52,494.0
that,that,494.46,494.65
Art,art,494.65,494.90999999999997
Laffer,,,
Ronald,ronald,495.429999,495.769999
Reagan's,reagan's,495.77,496.21
chief,chief,496.21,496.63
economic,economic,496.63,497.19
adviser,adviser,497.19,497.77
has,has,497.77,497.96999999999997
written,written,497.969999,498.34999899999997
publicly,publicly,498.349999,499.049999
that,that,499.27,499.46999999999997
my,my,499.48,499.84000000000003
simple,simple,499.87,500.24
flat,flat,500.24,500.59000000000003
tax,tax,500.589999,500.949999
is,is,500.95,501.09999999999997
the,the,501.099999,501.239999
best,best,501.25,501.7
tax,tax,501.75,502.15
plan,plan,502.15,502.63
of,of,502.889999,503.089999
any,any,503.119999,503.459999
of,of,503.459999,503.559999
the,the,503.559999,503.679999
individuals,individuals,503.68,504.25
on,on,504.25,504.41
this,this,504.41,504.58000000000004
stage,stage,504.59,504.97999999999996
cause,cause,504.98,505.11
it,it,505.11,505.22
produces,produces,505.22,505.73
economic,economic,505.73,506.23
growth,growth,506.23,506.55
it,it,506.55,506.68
raises,raises,506.68,507.19
wages,wages,507.19,507.68
and,and,507.84,507.98999999999995
it,it,507.99,508.09000000000003
helps,helps,508.09,508.42999999999995
everyone,everyone,508.48,509.14000000000004
from,from,509.16,509.29
the,the,509.29,509.37
very,very,509.42,509.67
poorest,poorest,509.69,510.27
to,to,510.43,510.54
the,the,510.54,510.63
very,very,510.63,510.88
richest,richest,510.88,511.15999999999997
Thank,,,
you,,,
senator,,,
applause,,,
But,,,
that's,,,
not,not,511.64,511.78
an,an,511.78,511.89
accurate,accurate,511.89,512.17
description,description,512.2,512.6600000000001
of,of,512.66,512.77
the,,,
plan,plan,512.809999,513.129999
Because,because,514.04,514.42
first,first,515.36,515.6800000000001
of,of,515.679999,515.789999
all,all,515.79,515.9399999999999
you,you,515.94,516.1700000000001
may,may,516.17,516.3499999999999
rename,rename,516.349999,516.779999
the,the,516.78,516.91
IRS,<unk>,517.429999,517.4799989999999
but,but,517.48,517.57
you,you,517.57,517.59
are,are,517.59,517.6600000000001
not,not,517.66,517.8299999999999
going,going,517.83,517.9200000000001
to,to,517.92,517.9799999999999
abolishes,,,
the,the,518.48,518.63
IRS,<unk>,518.63,518.97
because,because,519.009999,519.229999
there,there,519.23,519.34
has,has,519.339999,519.5499990000001
to,to,519.549999,519.629999
be,be,519.639999,519.759999
some,some,519.77,519.97
agency,agency,519.98,520.4300000000001
that's,that's,520.43,520.5699999999999
going,going,520.57,520.7
to,,,
collect,collect,520.75,521.07
your,your,521.07,521.1600000000001
vat,vat,521.16,521.39
tax,tax,521.389999,521.889999
Someone's,someone's,522.279999,522.689999
going,going,522.690001,522.8000010000001
to,to,522.799999,522.8199989999999
be,be,522.85,522.97
collecting,collecting,522.97,523.39
this,this,523.39,523.52
tax,tax,523.52,524.0699999999999
In,in,524.93,525.01
fact,fact,525.01,525.34
Ronald,ronald,525.34,525.72
Reagan's,reagan's,525.72,526.1
treasury,treasury,526.1,526.7
when,when,526.7,526.9100000000001
Ronald,ronald,526.91,527.26
Reagan's,reagan's,527.26,527.65
treasury,treasury,527.65,528.17
looked,looked,528.17,528.4
at,at,528.4,528.5
the,the,528.5,528.61
vat,,,
tax,tax,528.81,529.0799999999999
you,you,529.08,529.1600000000001
know,know,529.16,529.24
what,what,529.24,529.39
they,they,529.39,529.51
found,found,529.51,529.89
That,that,530.15,530.31
they,they,530.309999,530.379999
were,were,530.38,530.47
going,going,530.47,530.5600000000001
to,to,530.559999,530.5799989999999
have,have,530.599999,530.769999
to,to,530.77,530.86
hire,hire,530.86,531.11
20,<unk>,531.11,531.42
000,<unk>,531.43,531.7299999999999
new,new,531.74,531.91
IRS,<unk>,531.9399999999999,532.24
agencies,agencies,532.429999,532.7399989999999
to,to,532.74,532.86
collect,collect,532.86,533.22
it,it,533.219999,533.359999
The,the,533.809999,533.939999
second,second,533.94,534.2800000000001
point,point,534.28,534.65
it,it,534.86,535.03
does,does,535.03,535.23
not,not,535.23,535.26
eliminate,eliminate,535.36,535.8000000000001
the,the,535.799999,535.889999
corporate,corporate,535.889999,536.229999
tax,tax,536.25,536.52
or,or,536.53,536.74
the,the,536.74,536.86
payroll,payroll,536.87,537.24
tax,tax,537.24,537.55
Businesses,businesses,537.549999,538.119999
will,will,538.119999,538.239999
now,now,538.24,538.4
have,have,538.41,538.5699999999999
to,to,538.57,538.6800000000001
pay,pay,538.68,538.92
16,<unk>,538.93,539.42
percent,percent,539.42,539.8399999999999
on,on,539.869999,539.979999
the,the,539.98,540.0500000000001
money,money,540.049999,540.289999
they,they,540.289999,540.429999
make,make,540.43,540.8199999999999
They,they,541.06,541.1899999999999
will,will,541.19,541.37
also,also,541.37,541.65
have,have,541.65,541.8
to,to,541.8,541.91
pay,pay,541.91,542.15
16,<unk>,542.16,542.5699999999999
percent,percent,542.61,542.95
on,on,542.96,543.08
the,the,543.08,543.1500000000001
money,money,543.15,543.42
they,they,543.42,543.5899999999999
pay,pay,543.59,543.8000000000001
their,their,543.8,543.9399999999999
employees,employees,543.94,544.6400000000001
So,so,544.86,545.03
there,there,545.03,545.18
are,are,545.18,545.25
people,people,545.25,545.56
watching,watching,545.56,545.92
tonight,tonight,545.92,546.2099999999999
in,in,546.21,546.32
business,business,546.32,546.8000000000001
If,if,547.06,547.2199999999999
you,you,547.22,547.39
are,are,547.39,547.46
now,now,547.46,547.6600000000001
hit,hit,547.66,547.85
on,on,547.85,548.01
a,a,548.01,548.09
60,<unk>,548.13,548.46
percent,percent,548.46,548.82
tax,tax,548.86,549.1800000000001
on,on,549.19,549.35
both,both,549.349999,549.5599990000001
your,your,549.559999,549.679999
income,income,549.69,550.1600000000001
and,and,550.17,550.3399999999999
on,on,550.349999,550.479999
the,the,550.48,550.58
wages,wages,550.58,550.99
you,you,550.99,551.1
pay,pay,551.099999,551.2899990000001
your,your,551.29,551.39
employees,employees,551.389999,551.969999
where,where,552.15,552.39
are,are,552.389999,552.4499989999999
you,you,552.45,552.58
going,going,552.58,552.69
to,to,552.69,552.74
get,get,552.74,552.9300000000001
that,that,552.929999,553.0999989999999
money,money,553.099999,553.349999
from,from,553.349999,553.6899990000001
You're,you're,553.87,554.05
going,going,554.049999,554.159999
to,to,554.16,554.2199999999999
get,get,554.219999,554.4099990000001
it,it,554.41,554.54
by,by,554.54,554.6899999999999
paying,paying,554.69,555.0
your,your,555.0,555.1
employees,employees,555.099999,555.589999
less,less,555.589999,555.9299990000001
and,and,556.07,556.25
charging,charging,556.25,556.62
your,your,556.619999,556.759999
customers,customers,556.76,557.27
more,more,557.27,557.62
that,that,557.789999,558.0899989999999
is,is,558.119999,558.3099990000001
a,a,558.309999,558.429999
tax,tax,558.48,558.99
the,the,559.09,559.19
difference,difference,559.199999,559.599999
is,is,559.6,559.7900000000001
you,you,559.8,559.9
don't,don't,559.9,560.13
see,see,560.14,560.34
it,it,560.34,560.4200000000001
on,on,560.42,560.53
the,the,560.53,560.62
bill,bill,560.62,561.04
And,and,561.16,561.36
that's,that's,561.36,561.59
why,why,561.59,561.74
Ronald,ronald,561.74,562.12
Reagan,reagan,562.12,562.48
said,said,562.48,562.73
that,that,562.73,562.85
it,it,562.85,562.9300000000001
was,was,562.93,563.0899999999999
a,a,563.09,563.14
blindfold,blindfold,563.14,563.87
You,you,564.07,564.2600000000001
blindfold,blindfold,564.26,564.8
the,the,564.83,564.95
American,american,564.95,565.38
people,people,565.38,565.72
so,so,565.72,565.86
that,that,565.86,565.91
they,they,565.91,566.03
cannot,cannot,566.03,566.43
see,see,566.44,566.9200000000001
the,the,567.12,567.25
true,true,567.25,567.51
cost,cost,567.51,567.81
of,of,567.809999,567.909999
government,government,567.91,568.29
Now,now,568.32,568.49
16,<unk>,568.5,568.89
percent,percent,568.889999,569.259999
is,is,569.259999,569.349999
what,what,569.349999,569.469999
the,the,569.469999,569.579999
rate,rate,569.58,569.8000000000001
Ted,ted,569.809999,570.029999
wants,wants,570.03,570.3199999999999
it,it,570.32,570.4300000000001
at,at,570.429999,570.659999
But,but,570.9,571.05
what,what,571.049999,571.269999
happens,happens,571.28,571.67
if,if,571.7,571.84
God,god,571.86,572.16
forbid,forbid,572.16,572.64
the,the,572.929999,573.049999
next,next,573.049999,573.3499989999999
Barack,<unk>,573.37,574.09
Obama,,,
takes,takes,574.119999,574.409999
over,over,574.41,574.7199999999999
and,and,574.719999,574.859999
the,the,574.859999,574.9299990000001
next,next,574.93,575.18
Nancy,nancy,575.18,575.51
Pelosi,pelosi,575.57,575.94
and,and,575.940001,576.0300010000001
the,the,576.029999,576.099999
next,next,576.1,576.37
Harry,harry,576.369999,576.659999
Reid,,,
bell,,,
rings,,,
and,,,
they,they,577.03,577.14
decide,decide,577.14,577.61
we're,we're,577.79,577.93
going,going,577.93,578.05
to,,,
raise,raise,578.12,578.32
it,it,578.32,578.45
to,,,
30,<unk>,578.77,578.86
percent,percent,578.86,579.36
plus,plus,579.37,579.71
we're,we're,579.73,579.82
going,going,579.82,579.9300000000001
to,,,
raise,raise,580.0,580.23
the,the,580.23,580.36
income,income,580.36,580.66
tax,tax,580.66,581.05
to,,,
30,<unk>,581.58,581.6600000000001
percent,percent,581.66,582.0799999999999
Now,now,582.2,582.38
you've,you've,582.38,582.51
got,got,582.52,582.6899999999999
Europe,europe,582.69,583.0200000000001
crosstalk,<unk>,583.05,583.1999999999999
Thank,thank,583.8199999999999,583.8599999999999
you,you,583.8599999999999,583.92
senator,,,
I,,,
have,,,
to,,,
get,,,
to,,,
a,,,
question,,,
for,,,
Mr,,,
Trump,,,
Maria,maria,584.53,584.81
Yes,yes,585.3399999999999,585.3699999999999
Maria,maria,586.26,586.7
I'd,,,
just,,,
like,,,
to,,,
say,,,
crosstalk,,,
Maria,maria,587.259999,587.579999
I'd,i'd,592.1599990000001,592.2999990000001
like,like,592.3099990000001,592.469999
to,to,593.4299990000001,593.449999
interrupt,interrupt,593.449999,593.819999
this,this,594.4199990000001,594.449999
on,on,595.5,595.64
the,the,595.64,595.73
floor,floor,595.73,596.04
of,of,596.04,596.0899999999999
the,the,596.1,596.22
Senate,senate,596.22,596.6800000000001
to,to,597.34,597.47
actually,actually,597.47,597.89
answer,answer,597.89,598.1899999999999
the,the,598.19,598.2900000000001
question,question,598.29,598.8
you,you,598.8,599.0
asked,asked,599.0,599.36
which,which,599.55,599.77
was,was,599.77,599.9399999999999
on,on,599.94,600.09
entitlements,entitlements,600.09,600.7800000000001
Do,do,600.78,600.8399999999999
you,you,600.84,600.9300000000001
remember,remember,600.93,601.2299999999999
that,that,601.23,601.37
everybody,everybody,601.37,601.86
This,this,602.02,602.18
was,was,602.179999,602.299999
a,a,602.3,602.3599999999999
question,question,602.36,602.77
on,on,602.77,602.91
entitlements,entitlements,602.94,603.45
And,and,604.09,604.13
the,the,604.13,604.1500000000001
reason,reason,605.12,605.51
and,,,
the,,,
reason,,,
crosstalk,,,
no,,,
you,you,605.719999,605.7899990000001
already,already,605.79,605.9399999999999
had,had,605.95,606.1600000000001
your,your,606.16,606.26
chance,chance,606.259999,606.539999
Marco,marco,606.54,606.7199999999999
and,,,
you,,,
blew,blew,606.88,607.13
it,it,607.13,607.28
Here's,here's,607.91,608.12
the,the,608.12,608.22
thing,thing,608.219999,608.509999
crosstalk,<unk>,610.4,610.55
The,the,611.5899999999999,611.63
fact,fact,611.76,611.91
is,is,611.91,611.93
the,the,612.26,612.37
reason,reason,612.37,612.8
why,why,612.8,613.2199999999999
If,,,
you'll,,,
answer,answer,613.55,613.76
the,the,613.76,613.78
inaudible,inaudible,614.4599999999999,614.54
core,core,614.54,614.5699999999999
question,question,614.5699999999999,614.75
the,the,614.75,614.77
fact,,,
is,,,
the,,,
fact,fact,614.94,615.3100000000001
is,is,615.31,615.4799999999999
the,the,615.48,615.6
reason,reason,615.6,616.02
why,why,616.02,616.47
that,that,616.82,617.0
no,no,617.0,617.17
one,,,
wants,wants,617.19,617.47
to,to,617.47,617.58
answer,answer,617.58,617.88
entitlements,entitlements,617.88,618.38
up,up,618.38,618.53
here,here,618.53,618.65
is,is,618.65,618.73
because,because,618.76,618.88
it's,it's,618.88,619.03
hard,hard,619.03,619.37
It's,it's,619.88,620.05
a,a,620.05,620.0999999999999
hard,hard,620.099999,620.359999
problem,problem,620.36,620.8100000000001
And,and,621.03,621.1899999999999
I'm,i'm,621.19,621.3000000000001
the,the,621.3,621.4
only,only,621.4,621.65
one,one,621.65,621.8
up,up,621.8,621.92
on,on,621.92,622.03
this,this,622.03,622.18
stage,stage,622.179999,622.4899989999999
who,who,622.49,622.59
back,back,622.599999,622.829999
in,in,622.83,622.98
April,april,622.98,623.53
put,put,623.77,623.99
forward,forward,623.99,624.3100000000001
a,a,624.349999,624.4399990000001
detailed,detailed,624.44,624.95
entitlement,entitlement,624.95,625.4100000000001
reform,reform,625.44,625.83
plan,plan,625.84,626.0600000000001
that,that,626.059999,626.169999
will,will,626.17,626.28
save,save,626.28,626.53
over,over,626.53,626.68
1,,,
trillion,trillion,627.049999,627.4599989999999
save,save,628.109999,628.539999
Social,social,628.539999,628.859999
Security,security,628.859999,629.379999
save,save,629.549999,629.929999
Medicare,medicare,629.949999,630.449999
and,,,
avoid,avoid,630.68,631.26
this,this,631.26,631.72
avoid,avoid,632.12,632.51
what,what,632.54,632.7099999999999
Hillary,hillary,632.71,633.07
Rodham,<unk>,633.07,633.08
Clinton,clinton,633.41,633.7199999999999
will,will,633.72,633.87
do,do,633.87,634.08
to,to,634.08,634.23
you,you,634.23,634.44
Because,because,634.45,634.73
what,what,634.73,634.95
she,she,634.95,635.11
will,will,635.11,635.26
do,do,635.26,635.47
is,is,635.47,635.6
come,come,635.6,635.8100000000001
in,in,635.81,636.06
and,and,636.29,636.4499999999999
she,she,636.45,636.6
will,will,636.6,636.82
raise,raise,636.82,637.34
Social,social,637.38,637.8
Security,security,637.8,638.2199999999999
taxes,taxes,638.22,638.71
Bernie,bernie,638.91,639.1899999999999
Sanders,sanders,639.2,639.5500000000001
has,has,639.55,639.68
already,already,639.679999,639.9799989999999
said,said,639.99,640.27
it,it,640.27,640.4
And,and,640.62,640.77
she,she,640.78,641.02
is,is,641.02,641.17
just,just,641.17,641.4799999999999
one,one,641.48,641.72
or,or,641.719999,641.819999
two,two,641.82,642.1
more,more,642.099999,642.399999
poll,poll,642.41,642.6999999999999
drops,drops,642.7,643.13
down,down,643.13,643.57
from,from,643.83,644.07
even,even,644.07,644.2700000000001
moving,moving,644.27,644.56
further,further,644.57,644.99
left,left,644.99,645.23
than,than,645.23,645.36
she's,she's,645.36,645.57
moved,moved,645.57,645.86
already,already,645.86,646.35
to,to,646.529999,646.649999
get,get,646.65,646.8299999999999
to,to,646.83,646.9100000000001
the,the,646.91,647.0
left,left,647.0,647.26
of,,,
Bernie,bernie,647.33,647.69
on,on,647.690001,647.850001
this,this,647.85,648.15
We,we,648.36,648.87
have,have,648.94,649.3900000000001
seniors,seniors,649.4,649.93
out,out,649.93,650.16
there,there,650.16,650.39
who,who,650.39,650.55
are,are,650.55,650.74
scared,scared,650.74,651.2
to,to,651.21,651.34
death,death,651.34,651.74
because,because,651.93,652.4
this,this,652.63,652.9
Congress,congress,652.9,653.5
this,this,653.67,653.9699999999999
one,one,653.97,654.13
that,that,654.13,654.24
we,we,654.24,654.35
have,have,654.35,654.57
right,right,654.57,654.82
now,now,654.82,655.1800000000001
just,just,655.43,655.75
stole,stole,655.75,656.15
150,<unk>,656.37,656.99
billion,billion,656.99,657.42
from,from,658.2,658.3900000000001
the,the,658.389999,658.469999
Social,social,658.48,658.82
Security,security,658.82,659.2700000000001
retirement,retirement,659.27,659.8
fund,fund,659.8,660.12
to,to,660.33,660.48
give,give,660.49,660.69
it,it,660.69,660.7800000000001
to,to,660.78,660.86
the,the,660.86,660.96
Social,social,660.96,661.2800000000001
Security,security,661.28,661.73
disability,disability,661.75,662.31
fund,fund,662.309999,662.549999
A,a,662.559999,662.689999
Republican,republican,662.69,663.47
Congress,congress,663.469999,664.019999
did,did,664.02,664.25
that,that,664.25,664.7
And,and,665.129999,665.319999
the,the,665.32,665.3900000000001
fact,fact,665.389999,665.789999
is,is,665.789999,665.909999
it,it,665.91,666.03
was,was,666.029999,666.239999
wrong,wrong,666.24,666.77
And,and,666.8,666.9799999999999
they,they,666.98,667.09
consorted,<unk>,667.59,668.2900000000001
with,with,668.2900000000001,668.39
Barack,<unk>,668.39,668.65
Obama,<unk>,668.85,669.22
to,to,669.45,669.61
steal,steal,669.61,670.02
from,from,670.02,670.22
Social,social,670.22,670.5600000000001
Security,security,670.56,671.14
We,we,671.32,671.5300000000001
need,need,671.53,671.7099999999999
to,to,671.71,671.82
reform,reform,671.82,672.3000000000001
Social,social,672.3,672.6099999999999
Security,security,672.61,673.0600000000001
Mine,mine,673.06,673.2399999999999
is,is,673.24,673.3
the,the,673.3,673.4599999999999
only,only,673.46,673.7900000000001
plan,plan,673.8,674.03
that,that,674.03,674.14
saves,saves,674.139999,674.409999
over,over,674.41,674.66
1,<unk>,674.7,674.71
trillion,trillion,674.85,675.01
and,and,675.54,675.74
that's,that's,675.74,675.91
why,why,675.91,676.05
I'm,i'm,676.05,676.17
answering,answering,676.17,676.4499999999999
your,your,676.45,676.61
question,question,677.15,677.5799999999999
Thank,thank,677.59,677.84
you,you,678.0,678.02
Governor,governor,678.02,678.35
Thank,thank,678.52,678.75
you,,,
Governor,,,
applause,,,
Can,can,679.7,679.88
I,i,679.88,679.95
just,just,679.95,680.1700000000001
add,add,680.37,680.6
one,,,
very,very,680.99,681.28
quick,quick,681.28,681.52
thing,thing,681.549999,681.8499989999999
And,and,682.4699989999999,682.4999989999999
I,i,682.4999989999999,682.5699989999999
just,just,682.5699989999999,682.799999
want,want,682.799999,682.8599989999999
to,to,683.029999,683.049999
say,say,683.049999,683.489999
you,you,684.369999,684.499999
know,know,684.5,684.78
last,last,684.81,685.13
week,week,685.13,685.32
we,we,685.32,685.4100000000001
released,released,685.41,685.88
our,our,685.88,686.03
tax,tax,686.03,686.39
plan,plan,686.39,686.81
And,and,687.09,687.48
multiple,multiple,687.5,688.1
reputable,reputable,688.1,689.0600000000001
journals,journals,689.53,690.22
including,including,690.47,691.0
The,,,
Wall,wall,691.07,691.36
Street,street,691.36,691.71
Journal,journal,691.71,692.0500000000001
said,said,692.05,692.4599999999999
ours,ours,692.62,692.97
is,is,693.0,693.27
the,the,693.3,693.41
best,best,693.41,693.81
Just,just,693.83,694.07
want,want,694.07,694.22
to,to,694.219999,694.279999
get,get,694.28,694.43
that,that,694.429999,694.5999989999999
out,out,694.61,694.79
there,there,694.79,695.0799999999999
just,just,695.16,695.39
saying,saying,695.389999,695.599999
Thank,thank,695.999999,696.219999
you,you,696.219999,696.2999990000001
Dr,dr,696.2999990000001,696.599999
Carson,carson,696.599999,696.989999
Coming,coming,697.28,697.5899999999999
up,up,697.59,697.61
how,how,697.889999,698.169999
would,,,
the,,,
candidates,candidates,698.32,698.8000000000001
protect,protect,698.82,699.19
America,america,699.19,699.6800000000001
and,and,700.809999,700.9499989999999
another,another,700.949999,701.359999
terror,terror,701.529999,701.879999
attack,attack,702.01,702.4399999999999
if,if,702.62,702.86
we,we,703.219999,703.399999
were,were,703.4,703.55
to,to,703.55,703.7099999999999
see,see,703.71,703.95
it,it,703.95,704.09
But,but,704.4100000000001,704.48
first,first,704.51,704.85
you,you,704.85,704.88
can,,,
join,join,705.05,705.2299999999999
us,us,705.23,705.32
live,live,705.36,705.65
on,on,705.65,705.79
stage,stage,705.79,706.13
during,during,706.13,706.32
the,the,706.32,706.4000000000001
commercial,commercial,706.4,706.76
break,break,706.76,707.0699999999999
right,right,707.27,707.47
from,from,707.47,707.6600000000001
home,home,707.66,708.03
Go,go,708.06,708.18
to,to,708.18,708.27
facebook,,,
com,com,708.89,709.17
foxbusiness,<unk>,710.13,710.14
We'll,we'll,710.5,710.59
be,be,710.59,710.69
streaming,streaming,710.69,711.0200000000001
live,live,711.04,711.39
and,and,711.46,711.59
answering,answering,711.59,711.98
your,,,
questions,questions,712.05,712.53
during,during,712.53,712.73
this,,,
break,break,713.12,713.51
next,next,713.509999,713.849999
More,more,713.849999,714.1699990000001
from,from,714.17,714.3
South,south,714.3,714.53
Carolina,carolina,714.53,715.01
coming,coming,715.42,715.74
up,up,715.74,715.94
Stay,stay,716.009999,716.229999
with,with,716.23,716.4200000000001
us,us,716.42,716.5999999999999
